-- phpMyAdmin SQL Dump
-- version 5.0.2
-- https://www.phpmyadmin.net/
--
-- Servidor: 127.0.0.1:3307
-- Tiempo de generación: 01-12-2022 a las 22:20:44
-- Versión del servidor: 5.5.62-MariaDB
-- Versión de PHP: 7.4.9

SET SQL_MODE = "NO_AUTO_VALUE_ON_ZERO";
START TRANSACTION;
SET time_zone = "+00:00";


/*!40101 SET @OLD_CHARACTER_SET_CLIENT=@@CHARACTER_SET_CLIENT */;
/*!40101 SET @OLD_CHARACTER_SET_RESULTS=@@CHARACTER_SET_RESULTS */;
/*!40101 SET @OLD_COLLATION_CONNECTION=@@COLLATION_CONNECTION */;
/*!40101 SET NAMES utf8mb4 */;

--
-- Base de datos: `web_tupperware`
--

-- --------------------------------------------------------

--
-- Estructura de tabla para la tabla `banner`
--

DROP TABLE IF EXISTS `banner`;
CREATE TABLE IF NOT EXISTS `banner` (
  `id` int(11) NOT NULL COMMENT 'TRIAL',
  `tipo` varchar(10) NOT NULL COMMENT 'TRIAL',
  `cuerpo` mediumtext COMMENT 'TRIAL',
  `opciones` varchar(255) NOT NULL COMMENT 'TRIAL',
  `trial481` char(1) DEFAULT NULL COMMENT 'TRIAL',
  PRIMARY KEY (`id`)
) ENGINE=MyISAM DEFAULT CHARSET=utf8mb4 COMMENT='TRIAL';

--
-- Volcado de datos para la tabla `banner`
--

INSERT INTO `banner` (`id`, `tipo`, `cuerpo`, `opciones`, `trial481`) VALUES
(1, 'slider', '[{\"imagen\":\"http://admin-web-tupper.com/public/img/banner/banner1.png\",\"enlace\":null},{\"imagen\":\"http://admin-web-tupper.com/public/img/banner/banner2.jpg\",\"enlace\":null},{\"imagen\":\"http://admin-web-tupper.com/public/img/banner/banner3.jpg\",\"enlace\":null}]', '{\"fade\":false,\"dimensionar\":false,\"height\":\"100\",\"indicadores\":false}', 'T');

-- --------------------------------------------------------

--
-- Estructura de tabla para la tabla `categorias`
--

DROP TABLE IF EXISTS `categorias`;
CREATE TABLE IF NOT EXISTS `categorias` (
  `idcatg` int(11) NOT NULL AUTO_INCREMENT COMMENT 'TRIAL',
  `nombre` varchar(70) NOT NULL COMMENT 'TRIAL',
  `filtro` varchar(70) NOT NULL COMMENT 'TRIAL',
  `catpad` int(11) DEFAULT NULL COMMENT 'TRIAL',
  `fecreg` datetime DEFAULT NULL COMMENT 'TRIAL',
  `estado` char(1) DEFAULT 'A' COMMENT 'TRIAL',
  `trial485` char(1) DEFAULT NULL COMMENT 'TRIAL',
  PRIMARY KEY (`idcatg`),
  UNIQUE KEY `idx_nombre` (`nombre`)
) ENGINE=MyISAM AUTO_INCREMENT=9 DEFAULT CHARSET=utf8mb4 COMMENT='TRIAL';

--
-- Volcado de datos para la tabla `categorias`
--

INSERT INTO `categorias` (`idcatg`, `nombre`, `filtro`, `catpad`, `fecreg`, `estado`, `trial485`) VALUES
(1, 'Alacena', 'alacena', NULL, '2022-05-29 15:11:31', 'A', 'T'),
(2, 'Freezer', 'freezer', NULL, '2022-05-29 15:11:32', 'A', NULL),
(3, 'Heladera', 'heladera', NULL, '2022-05-29 15:11:33', 'A', NULL),
(4, 'Líquido', 'liquido', NULL, '2022-05-29 15:11:34', 'A', NULL),
(5, 'Lunch', 'lunch', NULL, '2022-05-29 15:11:35', 'A', NULL),
(6, 'Microondas', 'microondas', NULL, '2022-05-29 15:11:36', 'A', NULL),
(7, 'Preparación', 'preparacion', NULL, '2022-05-29 15:11:37', 'A', NULL),
(8, 'Niño', 'niño', NULL, '2022-05-29 15:11:38', 'A', NULL);

-- --------------------------------------------------------

--
-- Estructura de tabla para la tabla `categorias2`
--

DROP TABLE IF EXISTS `categorias2`;
CREATE TABLE IF NOT EXISTS `categorias2` (
  `idcatg` int(11) NOT NULL AUTO_INCREMENT COMMENT 'TRIAL',
  `nombre` varchar(70) NOT NULL COMMENT 'TRIAL',
  `filtro` varchar(70) NOT NULL COMMENT 'TRIAL',
  `catpad` int(11) DEFAULT NULL COMMENT 'TRIAL',
  `fecreg` datetime DEFAULT NULL COMMENT 'TRIAL',
  `estado` char(1) DEFAULT 'A' COMMENT 'TRIAL',
  `trial485` char(1) DEFAULT NULL COMMENT 'TRIAL',
  PRIMARY KEY (`idcatg`),
  UNIQUE KEY `idx_nombre` (`nombre`)
) ENGINE=MyISAM AUTO_INCREMENT=14 DEFAULT CHARSET=utf8mb4 COMMENT='TRIAL';

--
-- Volcado de datos para la tabla `categorias2`
--

INSERT INTO `categorias2` (`idcatg`, `nombre`, `filtro`, `catpad`, `fecreg`, `estado`, `trial485`) VALUES
(8, 'Linea Chef', 'linea', NULL, '2022-05-29 15:11:31', 'A', 'T'),
(9, 'Moldes', 'moldes', NULL, '2022-05-29 15:11:32', 'A', NULL),
(10, 'Ollas Chef', 'ollas', NULL, '2022-05-29 15:11:33', 'A', NULL),
(11, 'Termos', 'termos', NULL, '2022-05-29 15:11:34', 'A', NULL),
(12, 'Utensilios', 'utensilios', NULL, '2022-05-29 15:11:35', 'A', NULL),
(13, 'Otros', 'otros', NULL, '2022-05-29 15:11:36', 'A', NULL);

-- --------------------------------------------------------

--
-- Estructura de tabla para la tabla `categorias3`
--

DROP TABLE IF EXISTS `categorias3`;
CREATE TABLE IF NOT EXISTS `categorias3` (
  `idcatg` int(11) NOT NULL AUTO_INCREMENT COMMENT 'TRIAL',
  `nombre` varchar(70) NOT NULL COMMENT 'TRIAL',
  `filtro` varchar(70) NOT NULL COMMENT 'TRIAL',
  `catpad` int(11) DEFAULT NULL COMMENT 'TRIAL',
  `fecreg` datetime DEFAULT NULL COMMENT 'TRIAL',
  `estado` char(1) DEFAULT 'A' COMMENT 'TRIAL',
  `trial485` char(1) DEFAULT NULL COMMENT 'TRIAL',
  PRIMARY KEY (`idcatg`),
  UNIQUE KEY `idx_nombre` (`nombre`)
) ENGINE=MyISAM AUTO_INCREMENT=19 DEFAULT CHARSET=utf8mb4 COMMENT='TRIAL';

--
-- Volcado de datos para la tabla `categorias3`
--

INSERT INTO `categorias3` (`idcatg`, `nombre`, `filtro`, `catpad`, `fecreg`, `estado`, `trial485`) VALUES
(14, 'Destacados', 'destacados', NULL, '2022-05-29 14:11:31', 'A', NULL),
(15, 'Ofertas', 'ofertas', NULL, '2022-05-29 14:11:32', 'A', NULL),
(16, 'Recetas', 'recetas', NULL, '2022-05-29 14:11:33', 'A', NULL),
(17, 'Videos', 'videos', NULL, '2022-05-29 14:11:34', 'A', NULL);

-- --------------------------------------------------------

--
-- Estructura de tabla para la tabla `correos`
--

DROP TABLE IF EXISTS `correos`;
CREATE TABLE IF NOT EXISTS `correos` (
  `idcorreo` int(11) NOT NULL AUTO_INCREMENT COMMENT 'TRIAL',
  `nombres` varchar(255) NOT NULL COMMENT 'TRIAL',
  `correos` varchar(255) NOT NULL COMMENT 'TRIAL',
  `fecsuscripcion` datetime DEFAULT NULL COMMENT 'TRIAL',
  `trial485` char(1) DEFAULT NULL COMMENT 'TRIAL',
  PRIMARY KEY (`idcorreo`)
) ENGINE=MyISAM DEFAULT CHARSET=utf8mb4 COMMENT='TRIAL';

-- --------------------------------------------------------

--
-- Estructura de tabla para la tabla `empresa`
--

DROP TABLE IF EXISTS `empresa`;
CREATE TABLE IF NOT EXISTS `empresa` (
  `idemp` int(11) NOT NULL AUTO_INCREMENT COMMENT 'TRIAL',
  `nombre` varchar(100) NOT NULL COMMENT 'TRIAL',
  `telefono` varchar(40) DEFAULT NULL COMMENT 'TRIAL',
  `celular` varchar(40) DEFAULT NULL COMMENT 'TRIAL',
  `direccion` varchar(220) DEFAULT NULL COMMENT 'TRIAL',
  `correo1` varchar(100) DEFAULT NULL COMMENT 'TRIAL',
  `correo2` varchar(100) DEFAULT NULL COMMENT 'TRIAL',
  `facebook` varchar(200) DEFAULT NULL COMMENT 'TRIAL',
  `whatsapp1` varchar(200) DEFAULT NULL COMMENT 'TRIAL',
  `whatsapp2` varchar(200) NOT NULL COMMENT 'TRIAL',
  `instagram` varchar(200) DEFAULT NULL COMMENT 'TRIAL',
  `youtube` varchar(200) DEFAULT NULL COMMENT 'TRIAL',
  `twitter` varchar(200) DEFAULT NULL COMMENT 'TRIAL',
  `linkedin` varchar(250) DEFAULT NULL COMMENT 'TRIAL',
  `intranet` varchar(200) DEFAULT NULL COMMENT 'TRIAL',
  `liblink` varchar(200) DEFAULT NULL COMMENT 'TRIAL',
  `libmail` varchar(100) DEFAULT NULL COMMENT 'TRIAL',
  `libnume` int(11) DEFAULT NULL COMMENT 'TRIAL',
  `metades` varchar(255) DEFAULT NULL COMMENT 'TRIAL',
  `trial485` char(1) DEFAULT NULL COMMENT 'TRIAL',
  PRIMARY KEY (`idemp`),
  UNIQUE KEY `idx_nombre` (`nombre`)
) ENGINE=MyISAM AUTO_INCREMENT=2 DEFAULT CHARSET=utf8mb4 COMMENT='TRIAL';

--
-- Volcado de datos para la tabla `empresa`
--

INSERT INTO `empresa` (`idemp`, `nombre`, `telefono`, `celular`, `direccion`, `correo1`, `correo2`, `facebook`, `whatsapp1`, `whatsapp2`, `instagram`, `youtube`, `twitter`, `linkedin`, `intranet`, `liblink`, `libmail`, `libnume`, `metades`, `trial485`) VALUES
(1, 'Tupperware', '', '', '', 'desarrollo@dev.com', 'desarrollo_php@dev.com', 'https://es-la.facebook.com/', 'https://web.whatsapp.com/', 'https://web.whatsapp.com/', 'https://www.instagram.com/?hl=es', 'https://www.youtube.com/', 'https://www.php.net/manual/es/intro-whatis.php', 'https://pe.linkedin.com/', '', '', '', NULL, '', 'T');

-- --------------------------------------------------------

--
-- Estructura de tabla para la tabla `galeria`
--

DROP TABLE IF EXISTS `galeria`;
CREATE TABLE IF NOT EXISTS `galeria` (
  `idgaleria` int(11) NOT NULL AUTO_INCREMENT COMMENT 'TRIAL',
  `titulo` varchar(150) NOT NULL COMMENT 'TRIAL',
  `detalle` varchar(270) DEFAULT NULL COMMENT 'TRIAL',
  `ncolum` int(11) DEFAULT NULL COMMENT 'TRIAL',
  `cuerpo` mediumtext COMMENT 'TRIAL',
  `modo` char(1) DEFAULT 'A' COMMENT 'TRIAL',
  `portada` varchar(300) DEFAULT NULL COMMENT 'TRIAL',
  `fecreg` datetime DEFAULT NULL COMMENT 'TRIAL',
  `visible` char(1) DEFAULT 'N' COMMENT 'TRIAL',
  `trial488` char(1) DEFAULT NULL COMMENT 'TRIAL',
  PRIMARY KEY (`idgaleria`)
) ENGINE=MyISAM AUTO_INCREMENT=4 DEFAULT CHARSET=utf8mb4 COMMENT='TRIAL';

--
-- Volcado de datos para la tabla `galeria`
--

INSERT INTO `galeria` (`idgaleria`, `titulo`, `detalle`, `ncolum`, `cuerpo`, `modo`, `portada`, `fecreg`, `visible`, `trial488`) VALUES
(1, 'dsadsa', '', 4, '[{\"tipo\":\"I\",\"content\":\"/public/img/galeria/img003.jpg\",\"portada\":\"/public/img/galeria/img003.jpg\"},{\"tipo\":\"I\",\"content\":\"/public/img/galeria/img003.jpg\",\"portada\":\"/public/img/galeria/img003.jpg\"},{\"tipo\":\"I\",\"content\":\"/public/img/galeria/img003.jpg\",\"portada\":\"/public/img/galeria/img003.jpg\"},{\"tipo\":\"I\",\"content\":\"/public/img/galeria/img003.jpg\",\"portada\":\"/public/img/galeria/img003.jpg\"},{\"tipo\":\"I\",\"content\":\"/public/img/galeria/img003.jpg\",\"portada\":\"/public/img/galeria/img003.jpg\"},{\"tipo\":\"I\",\"content\":\"/public/img/galeria/img003.jpg\",\"portada\":\"/public/img/galeria/img003.jpg\"}]', 'B', '', '2022-06-27 17:44:30', 'S', 'T'),
(2, 'dfgdfg', '', 4, '[{\"id\":64065,\"tipo\":\"I\",\"content\":\"/public/img/galeria/03.jpg\",\"portada\":\"/public/img/galeria/03.jpg\"},{\"id\":18771,\"tipo\":\"I\",\"content\":\"/public/img/galeria/02.jpg\",\"portada\":\"/public/img/galeria/02.jpg\"}]', 'A', '', '2022-10-24 12:51:23', 'N', 'T'),
(3, 'vcvcvcv', '', 4, '[{\"id\":12588,\"tipo\":\"I\",\"content\":\"/public/img/galeria/04.jpg\",\"portada\":\"/public/img/galeria/04.jpg\"},{\"id\":84677,\"tipo\":\"I\",\"content\":\"/public/img/galeria/03.jpg\",\"portada\":\"/public/img/galeria/03.jpg\"},{\"id\":72693,\"tipo\":\"I\",\"content\":\"/public/img/galeria/02.jpg\",\"portada\":\"/public/img/galeria/02.jpg\"},{\"id\":21846,\"tipo\":\"I\",\"content\":\"/public/img/galeria/07.jpg\",\"portada\":\"/public/img/galeria/07.jpg\"},{\"id\":15381,\"tipo\":\"I\",\"content\":\"/public/img/galeria/01.jpg\",\"portada\":\"/public/img/galeria/01.jpg\"},{\"id\":21846,\"tipo\":\"I\",\"content\":\"/public/img/galeria/07.jpg\",\"portada\":\"/public/img/galeria/07.jpg\"},{\"id\":77707,\"tipo\":\"I\",\"content\":\"/public/img/galeria/05.jpg\",\"portada\":\"/public/img/galeria/05.jpg\"}]', 'A', '', '2022-10-24 12:52:12', 'N', 'T');

-- --------------------------------------------------------

--
-- Estructura de tabla para la tabla `popup`
--

DROP TABLE IF EXISTS `popup`;
CREATE TABLE IF NOT EXISTS `popup` (
  `id` int(11) NOT NULL COMMENT 'TRIAL',
  `titulo` varchar(250) DEFAULT NULL COMMENT 'TRIAL',
  `tipo` char(1) NOT NULL COMMENT 'TRIAL',
  `cuerpo` mediumtext COMMENT 'TRIAL',
  `header` char(1) DEFAULT NULL COMMENT 'TRIAL',
  `margen` char(1) DEFAULT NULL COMMENT 'TRIAL',
  `slider` char(1) DEFAULT NULL COMMENT 'TRIAL',
  `animation` varchar(40) DEFAULT NULL COMMENT 'TRIAL',
  `visible` char(1) DEFAULT NULL COMMENT 'TRIAL',
  `trial488` char(1) DEFAULT NULL COMMENT 'TRIAL',
  PRIMARY KEY (`id`)
) ENGINE=MyISAM DEFAULT CHARSET=utf8mb4 COMMENT='TRIAL';

--
-- Volcado de datos para la tabla `popup`
--

INSERT INTO `popup` (`id`, `titulo`, `tipo`, `cuerpo`, `header`, `margen`, `slider`, `animation`, `visible`, `trial488`) VALUES
(1, 'Titulo de ventana', 'I', '<div class=\"responsive\"><iframe src=\"https://www.youtube.com/embed/63KnsWe2Tqw\" allowfullscreen=\"allowfullscreen\"></iframe></div>', 'N', 'N', 'N', 'animate__zoomIn', 'S', 'T');

-- --------------------------------------------------------

--
-- Estructura de tabla para la tabla `publicacion`
--

DROP TABLE IF EXISTS `publicacion`;
CREATE TABLE IF NOT EXISTS `publicacion` (
  `idpub` int(11) NOT NULL AUTO_INCREMENT COMMENT 'TRIAL',
  `idcatg` int(11) NOT NULL COMMENT 'TRIAL',
  `titulo` varchar(280) NOT NULL COMMENT 'TRIAL',
  `tagname` varchar(330) NOT NULL COMMENT 'TRIAL',
  `portada` varchar(350) DEFAULT NULL COMMENT 'TRIAL',
  `detalle` varchar(250) DEFAULT NULL COMMENT 'TRIAL',
  `cuerpo` longtext COMMENT 'TRIAL',
  `fecpub` datetime NOT NULL COMMENT 'TRIAL',
  `fecreg` datetime DEFAULT NULL COMMENT 'TRIAL',
  `visible` char(1) DEFAULT 'N' COMMENT 'TRIAL',
  `trial488` char(1) DEFAULT NULL COMMENT 'TRIAL',
  `img1` varchar(250) DEFAULT NULL,
  `img2` varchar(250) DEFAULT NULL,
  `img3` varchar(250) DEFAULT NULL,
  `img4` varchar(250) DEFAULT NULL,
  PRIMARY KEY (`idpub`)
) ENGINE=MyISAM AUTO_INCREMENT=74 DEFAULT CHARSET=utf8mb4 COMMENT='TRIAL';

--
-- Volcado de datos para la tabla `publicacion`
--

INSERT INTO `publicacion` (`idpub`, `idcatg`, `titulo`, `tagname`, `portada`, `detalle`, `cuerpo`, `fecpub`, `fecreg`, `visible`, `trial488`, `img1`, `img2`, `img3`, `img4`) VALUES
(45, 6, 'Arrocera Balance', 'arrocera-balance', 'http://admin-web-tupper.com/public/img/galeria/Arrocera-balance-1.jpg', '', '<div><span style=\"color: #777777;\"><strong>BENEFICIOS Y UTILIDADES</strong></span></div>\r\n<ul>\r\n<li><span style=\"color: #777777;\">La Arrocera Balance es ideal para preparar diferentes platillos, y ser&aacute; t&uacute; mejor aliada al preparar casi cualquier tipo de arroz o granos, f&aacute;cil, r&aacute;pido y sin ensuciar. Cocinando y sirviendo en un solo recipiente ahorra tiempo y energ&iacute;a.</span></li>\r\n<li><span style=\"color: #777777;\">Cocina arroz en tu microondas en tan solo unos minutos.</span></li>\r\n<li><span style=\"color: #777777;\">Ahora es mucho m&aacute;s f&aacute;cil lograr un arroz perfecto y en minutos con la Arrocera Balance cocina como una experta en tu microondas.&nbsp; </span></li>\r\n<li><span style=\"color: #777777;\">La Arrocera Balance es f&aacute;cil de usar, simplemente llena la base con los ingredientes, cierra bien y coloca en el microondas.</span></li>\r\n</ul>\r\n<div><span style=\"color: #777777;\"><strong>DISE&Ntilde;O</strong></span></div>\r\n<ul>\r\n<li><span style=\"color: #777777;\">Consta de tres partes: base, inserto y tapa.&nbsp;</span></li>\r\n<li><span style=\"color: #777777;\"><strong>Tapa:</strong> cuenta con dos asas que se mueven y sujetan perfectamente al recipiente y dos orificios que permiten la salida del vapor.&nbsp;</span></li>\r\n<li><span style=\"color: #777777;\"><strong>&nbsp;Inserto: </strong>regula la circulaci&oacute;n del vapor y cuenta con dos asas para sujetarlo con facilidad.</span></li>\r\n<li><span style=\"color: #777777;\"><strong>Base: </strong>Con ventanas a los lados para poder ver el contenido. Cuenta con una marca en la parte exterior de la base que muestra el tope para llenar de agua y arroz.&nbsp;</span></li>\r\n<li><span style=\"color: #777777;\">&nbsp;La Arrocera Balance incluye una exclusiva cubierta doble que recolecta la espuma producida al cocinar en el inserto, dirige el exceso de humedad hacia la hendidura de la tapa y la escurre de vuelta a la base. As&iacute; tu microondas permanecer&aacute; limpio y protegido de derrames.</span></li>\r\n<li><span style=\"color: #777777;\">Las asas de la cubierta se doblan y aseguran la base permiti&eacute;ndote sujetarla, con seguridad al retirar el recipiente caliente del microondas. Material r&iacute;gido trasl&uacute;cido con gran resistencia.</span></li>\r\n</ul>\r\n<div><span style=\"color: #777777;\"><strong>&nbsp;MEDIDAS:</strong></span></div>\r\n<ul>\r\n<li><span style=\"color: #777777;\"> 26.6 X 20.8 X 15.35 cm</span></li>\r\n</ul>\r\n<div>&nbsp;</div>', '2022-11-17 02:09:00', NULL, 'S', NULL, 'http://admin-web-tupper.com/public/img/galeria/Arrocera-balance-2.jpg', 'http://admin-web-tupper.com/public/img/galeria/Arrocera-balance-3.jpg', '', NULL),
(46, 3, 'Súper Freschuga', 'super-freschuga', 'http://admin-web-tupper.com/public/img/galeria/super-freschuga-1.jpg', '', '<div><strong><span style=\"color: #777777;\">BENEFICIOS Y &Uacute;TILIDADES</span></strong></div>\r\n<ul>\r\n<li><span style=\"color: #777777;\">Ideal para conservar t&uacute; lechuga por m&aacute;s tiempo. As&iacute; es la Freschuga gracias a su inserto evita el contacto directo con la base del recipiente y la humedad por lo que su vida &uacute;til ser&aacute; mayor.&nbsp;</span></li>\r\n</ul>\r\n<div><span style=\"color: #777777;\"><strong>DISE&Ntilde;O</strong>&nbsp;</span></div>\r\n<ul>\r\n<li><span style=\"color: #777777;\">Recipiente de 3 piezas, sello herm&eacute;tico e inserto separador para alargar la vida del alimento.&nbsp;</span></li>\r\n</ul>\r\n<div><span style=\"color: #777777;\"><strong>CAPACIDAD</strong> &nbsp; &nbsp; </span></div>\r\n<ul>\r\n<li><span style=\"color: #777777;\">&nbsp; 3 Lts.</span></li>\r\n</ul>\r\n<div>&nbsp;<br /><br /></div>', '2022-11-17 23:48:00', NULL, 'S', NULL, 'http://admin-web-tupper.com/public/img/galeria/super-freschuga-2.jpg', 'http://admin-web-tupper.com/public/img/galeria/super-freschuga-3.jpg', '', NULL),
(42, 6, 'Micro plus tarta', 'micro-plus-tarta', 'http://admin-web-tupper.com/public/img/galeria/Micro-plus-tarta-1.jpg', '', '<div><strong>BENEFICIOS Y UTILIDADES</strong></div>\r\n<ul>\r\n<li>Recipiente moldeador, recalentables en el microondas que permiten cocinar de una manera f&aacute;cil y r&aacute;pida, ahorrando valioso tiempo y energ&iacute;a el&eacute;ctrica.</li>\r\n<li>Recipientes trasl&uacute;cidos que permiten visualizar el contenido y el interior pulido que permite que los alimentos se deslicen f&aacute;cilmente.&nbsp;</li>\r\n<li>De f&aacute;cil limpieza.</li>\r\n</ul>\r\n<div><strong>DISE&Ntilde;O</strong></div>\r\n<ul>\r\n<li>Elaborado en material irrompible (policarbonato).&nbsp;</li>\r\n<li>Tienen asas texturizadas a los costados, las cuales se mantienen fr&iacute;as para sujetar el recipiente con seguridad.</li>\r\n</ul>\r\n<div><strong>CAPACIDAD</strong></div>\r\n<ul>\r\n<li>1.7 Lts.</li>\r\n</ul>\r\n<div>&nbsp;</div>', '2022-11-17 01:45:00', NULL, 'S', NULL, 'http://admin-web-tupper.com/public/img/galeria/Micro-plus-tarta-2.jpg', '', '', NULL),
(43, 6, 'Micro plus oval', 'micro-plus-oval', 'http://admin-web-tupper.com/public/img/galeria/Micro-plus-oval-1.jpg', '', '<div><span style=\"color: #777777;\"><strong>BENEFICIOS Y UTILIDADES</strong></span></div>\r\n<ul>\r\n<li><span style=\"color: #777777;\">Ideal para el microondas y para servir en tu mesa.</span></li>\r\n<li><span style=\"color: #777777;\">Recipientes puedan ir del congelador al microondas, del microondas a la mesa y de la mesa la heladera. &nbsp;</span></li>\r\n<li><span style=\"color: #777777;\">Permiten calentar o enfriar de manera uniforme.</span></li>\r\n</ul>\r\n<div><span style=\"color: #777777;\"><strong>DISE&Ntilde;O</strong></span></div>\r\n<ul>\r\n<li><span style=\"color: #777777;\">Compuesto de 3 partes: Base, cubierta y Sello&nbsp;</span></li>\r\n<li><span style=\"color: #777777;\">Su material transparente facilita identificar el contenido y la cantidad que hay dentro del Micro Plus Oval.</span></li>\r\n<li><span style=\"color: #777777;\">Material policarbonato</span></li>\r\n</ul>\r\n<div><span style=\"color: #777777;\"><strong>CAPACIDAD</strong></span></div>\r\n<ul>\r\n<li><span style=\"color: #777777;\"> &nbsp;1.5 L</span></li>\r\n</ul>\r\n<div>&nbsp;</div>', '2022-11-17 01:52:00', NULL, 'S', NULL, 'http://admin-web-tupper.com/public/img/galeria/Micro-plus-oval-2.jpg', '', '', NULL),
(44, 6, 'Micro Flash', 'micro-flash', 'http://admin-web-tupper.com/public/img/galeria/Micro-Flash-1.jpg', '', '<div><span style=\"color: #777777;\"><strong>BENEFICIOS Y UTILIDADES</strong></span></div>\r\n<ul>\r\n<li><span style=\"color: #777777;\">Disfruta de una comida casera y caliente donde quieras.</span></li>\r\n<li><span style=\"color: #777777;\">Se puede usar perfectamente sellado dentro del refrigerador.</span></li>\r\n<li><span style=\"color: #777777;\">Impide que se reseque el alimento dentro del microondas o en la heladera.</span></li>\r\n<li><span style=\"color: #777777;\">Su v&aacute;lvula especial elimina el exceso de vapor al calentar, simplemente se abre la v&aacute;lvula y se mete al microondas.</span></li>\r\n<li><span style=\"color: #777777;\">Con sistema exclusivo de ventilaci&oacute;n que proporciona una ventaja &uacute;nica al calentar en forma pareja los alimentos sin necesidad de retirar el sello.</span></li>\r\n<li><span style=\"color: #777777;\">Sus ventanas laterales permiten observar el contenido sin necesidad de retirar el sello.</span></li>\r\n</ul>\r\n<div><span style=\"color: #777777;\"><strong>DISE&Ntilde;O</strong></span></div>\r\n<ul>\r\n<li><span style=\"color: #777777;\">Material r&iacute;gido, espec&iacute;fico para microondas.</span></li>\r\n<li><span style=\"color: #777777;\">Su sello cierra herm&eacute;ticamente al dejar la v&aacute;lvula abierta y evita salpicar tu horno de microondas.</span></li>\r\n<li><span style=\"color: #777777;\">Soportes especiales en la parte inferior para evitar que el agua se condense en su base permitiendo que las ondas de microondas circulen libremente.</span></li>\r\n</ul>\r\n<div><span style=\"color: #777777;\"><strong>CAPACIDAD</strong></span></div>\r\n<ul>\r\n<li><span style=\"color: #777777;\">Micro Flash Redondo 1.5 &nbsp; &nbsp; &nbsp; &nbsp; 1.5L</span></li>\r\n<li><span style=\"color: #777777;\">Micro Flash Redondo 1 &nbsp; &nbsp; &nbsp; &nbsp; &nbsp; &nbsp;1L</span></li>\r\n<li><span style=\"color: #777777;\">Micro Flash Rectangular 1 &nbsp; &nbsp; &nbsp; 1L</span></li>\r\n<li><span style=\"color: #777777;\">Micro Flash Rectangular &nbsp; &nbsp; &nbsp; &nbsp; &nbsp;1.7L</span></li>\r\n<li><span style=\"color: #777777;\">Micro Flash Rectangular 2.3 &nbsp; &nbsp; 2.3L</span></li>\r\n<li><span style=\"color: #777777;\">Micro Flash c/Divisiones &nbsp; &nbsp; &nbsp; &nbsp; 1.7L</span></li>\r\n<li><span style=\"color: #777777;\">Maxi Micro Flash &nbsp; &nbsp; &nbsp; &nbsp; &nbsp; &nbsp; &nbsp; &nbsp; &nbsp; &nbsp; &nbsp;3L</span></li>\r\n<li><span style=\"color: #777777;\">Mega Micro Flash &nbsp; &nbsp; &nbsp; &nbsp; &nbsp; &nbsp; &nbsp; &nbsp; &nbsp; &nbsp; 4L</span></li>\r\n</ul>\r\n<div>&nbsp;</div>', '2022-11-17 02:02:00', NULL, 'S', NULL, 'http://admin-web-tupper.com/public/img/galeria/Micro-Flash-2.jpg', 'http://admin-web-tupper.com/public/img/galeria/Micro-Flash-3.jpg', '', NULL),
(40, 6, 'FUENTE CRISTAL WARE (servi cristal ware)', 'fuente-cristal-ware-servi-cristal-ware', 'http://admin-web-tupper.com/public/img/galeria/Servi-cristal-ware-1.jpg', '', '<div><span style=\"color: #777777;\"><strong>BENEFICIOS Y UTILIDADES</strong></span></div>\r\n<ul>\r\n<li><span style=\"color: #777777;\">Servir con lujo y elegancia.</span></li>\r\n<li><span style=\"color: #777777;\">Fuente Crystalware ideal &nbsp;paran preparar, servir, recalentar y conservar en &eacute;l.&nbsp;</span></li>\r\n<li><span style=\"color: #777777;\">&iexcl;Tapa, sirve, recalienta y conserva en un mismo recipiente!</span></li>\r\n</ul>\r\n<div><span style=\"color: #777777;\"><strong>DISE&Ntilde;O</strong></span></div>\r\n<ul>\r\n<li><span style=\"color: #777777;\">Cuenta con un material especial para microondas adem&aacute;s de tener una tapa protectora para conservar en el refrigerador y evitar manchas en tu microondas.</span></li>\r\n</ul>\r\n<div><span style=\"color: #777777;\"><strong>CAPACIDAD</strong> &nbsp;</span></div>\r\n<ul>\r\n<li><span style=\"color: #777777;\">2.1Lts.&nbsp;</span></li>\r\n</ul>\r\n<div>&nbsp;</div>\r\n<div>&nbsp;</div>', '2022-11-17 01:29:00', NULL, 'S', NULL, 'http://admin-web-tupper.com/public/img/galeria/Servi-cristal-ware-2.jpg', '', '', NULL),
(41, 6, 'Multiservicio', 'multiservicio', 'http://admin-web-tupper.com/public/img/galeria/Multiservicio-1.jpg', '', '<div><strong><span style=\"color: #777777;\">BENEFICIOS Y UTILIDADES</span></strong></div>\r\n<ul>\r\n<li><span style=\"color: #777777;\">Ideal para blanquear y pre cocer legumbres y verduras.</span></li>\r\n<li><span style=\"color: #777777;\">Economiza el gas, preserva el valor nutritivo de los alimentos simplifica la cocci&oacute;n, ayuda a mantener caliente los alimentos por m&aacute;s tiempo.</span></li>\r\n<li><span style=\"color: #777777;\">Se puede utilizar con agua caliente o fr&iacute;a o con hielo, su parte externa texturizada para que no se deslice de las manos.</span></li>\r\n<li><span style=\"color: #777777;\">Especialmente dise&ntilde;ados para que el caldo o agua de los alimentos se acumule en la base.</span></li>\r\n<li><span style=\"color: #777777;\">Sus orificios del cestillo dejan pasar el vapor para cocinar los alimentos.</span></li>\r\n</ul>\r\n<div><strong><span style=\"color: #777777;\">DISE&Ntilde;O</span></strong></div>\r\n<ul>\r\n<li><span style=\"color: #777777;\">Tapa r&iacute;gida, con forma bomb&eacute; permite tapar el recipiente con alimentos calientes y el vapor convertido en agua se escurre hacia los costados.</span></li>\r\n<li><span style=\"color: #777777;\">Colador removible, permite llevar a la mesa los alimentos.</span></li>\r\n<li><span style=\"color: #777777;\">Consta de 3 partes: Base, cestillo y tapa.</span></li>\r\n</ul>\r\n<div><span style=\"color: #777777;\"><strong>CAPACIDAD</strong></span></div>\r\n<ul>\r\n<li><span style=\"color: #777777;\"><strong> </strong>&nbsp; 2.5L</span></li>\r\n</ul>\r\n<div>&nbsp;</div>', '2022-11-17 01:38:00', NULL, 'S', NULL, 'http://admin-web-tupper.com/public/img/galeria/Multiservicio-2.jpg', 'http://admin-web-tupper.com/public/img/galeria/Multiservicio-3.jpg', '', NULL),
(38, 6, 'Ultra Pro', 'ultra-pro', 'http://admin-web-tupper.com/public/img/galeria/ultra-pro-1.jpg', '', '<div><span style=\"color: #777777;\">&iexcl;Con la l&iacute;nea ULTRA PRO, lo imposible... hoy es una realidad!</span></div>\r\n<div><span style=\"color: #777777;\">Hoy es el momento de descubrir &nbsp;lo elegante, ligera y apilable de la l&iacute;nea &nbsp;Ultra Pro; es una soluci&oacute;n &ldquo;TODO EN UNO&rdquo; para cocinar, servir, congelar y recalentar, y lo mejor &nbsp;puede utilizarse en el HORNO CONVENCIONAL Y DE MICROONDAS, adem&aacute;s del refrigerador, congelador y lavaplatos autom&aacute;tico.</span></div>\r\n<div><span style=\"color: #777777;\">&iexcl;Y lo mejor! Son una excelente muestra de vanguardia y una declaraci&oacute;n de estilo al SERVIR, con un color y contorno que complementan cualquier cocina o vajilla.</span></div>\r\n<div><span style=\"color: #777777;\"><strong>DISE&Ntilde;O</strong></span></div>\r\n<ul>\r\n<li><span style=\"color: #777777;\">El material soporta temperaturas desde -25&ordm;C hasta +250&ordm;C.</span></li>\r\n<li><span style=\"color: #777777;\">Est&aacute; fabricado con gran esmero y precisi&oacute;n a partir de materiales de la mejor calidad, aprobados para su utilizaci&oacute;n en contacto con los alimentos.</span></li>\r\n</ul>\r\n<div><span style=\"color: #777777;\"><strong>Compuesto por:</strong></span></div>\r\n<ul>\r\n<li><span style=\"color: #777777;\">Base de 2 L&nbsp;</span></li>\r\n<li><span style=\"color: #777777;\">Tapa de 800 Ml</span></li>\r\n</ul>\r\n<div>&nbsp;</div>', '2022-11-17 01:17:00', NULL, 'S', NULL, 'http://admin-web-tupper.com/public/img/galeria/ultra-pro-2.jpg', '', '', NULL),
(39, 6, 'Tapa para microondas', 'tapa-para-microondas', 'http://admin-web-tupper.com/public/img/galeria/Multi-vaporera1.jpg', '', '<div>\r\n<div>Cubierta para calentar en microondas</div>\r\n<ul>\r\n<li>Tapa de protecci&oacute;n evita que los alimentos se sequen durante el calentamiento en el microondas, la conservaci&oacute;n de alimentos y mantener el microondas limpio.</li>\r\n</ul>\r\n<div><strong>DISE&Ntilde;O</strong></div>\r\n<ul>\r\n<li>Fabricado con material transparente que permite ver la comida que se calienta. Consta de la base.</li>\r\n</ul>\r\n<div><strong>MEDIDAS</strong>:</div>\r\n<ul>\r\n<li>24.5 de di&aacute;metro x 7 cm de alto</li>\r\n</ul>\r\n<div>&nbsp;</div>\r\n</div>', '2022-11-17 01:23:00', NULL, 'S', NULL, 'http://admin-web-tupper.com/public/img/galeria/Multi-vaporera-2.jpg', '', '', NULL),
(36, 8, 'Vaso Campana', 'categoria-ninos-vaso-campana', 'http://admin-web-tupper.com/public/img/galeria/Vaso-campana.jpg', '', '<div><strong><span style=\"color: #777777;\">BENEFICIOS Y UTILIDADES</span></strong></div>\r\n<ul>\r\n<li><span style=\"color: #777777;\">Es importante darles a nuestros ni&ntilde;os las cantidades necesarias de alimento y l&iacute;quido que necesitan. Y tener el producto adecuado para su desarrollo, es por esto que Tupperware te ofrece vasitos con diferentes capacidades.</span></li>\r\n<li><span style=\"color: #777777;\">El Vaso Campana es perfecto para ni&ntilde;os de 3 a 5 a&ntilde;os por su capacidad y su sello con pipeta que les facilita tomar los l&iacute;quidos.</span></li>\r\n</ul>\r\n<div><strong><span style=\"color: #777777;\">DISE&Ntilde;O</span></strong></div>\r\n<ul>\r\n<li><span style=\"color: #777777;\">Es resistente, indeformable, ergon&oacute;mico y muy f&aacute;cil de limpiar</span></li>\r\n<li><span style=\"color: #777777;\">Producto especializado de 6 meses en adelante.&nbsp;</span></li>\r\n<li><span style=\"color: #777777;\">Ideal para tu peque&ntilde;o (a).</span></li>\r\n</ul>\r\n<div><span style=\"color: #777777;\"><strong>CAPACIDAD </strong></span></div>\r\n<ul>\r\n<li><span style=\"color: #777777;\"><strong>&nbsp;</strong> 200ML</span></li>\r\n</ul>', '2022-11-17 00:55:00', NULL, 'S', NULL, '', '', '', NULL),
(37, 6, 'Cristal Wave', 'cristal-wave', 'http://admin-web-tupper.com/public/img/galeria/Crystal-ware-1.jpg', '', '<div>\r\n<div><strong><span style=\"color: #777777;\">BENEFICIOS Y UTILIDADES&nbsp;</span></strong></div>\r\n<ul>\r\n<li><span style=\"color: #777777;\">En esta l&iacute;nea puedes guardar, congelar y calentar en el horno de microondas, servir y transportar en el mismo recipiente cualquier alimento.</span></li>\r\n<li><span style=\"color: #777777;\">Su v&aacute;lvula especial elimina el exceso de vapor al calentar, simplemente se abre la v&aacute;lvula y se mete al microondas.</span></li>\r\n<li><span style=\"color: #777777;\">Se puede usar perfectamente sellado dentro de la heladera.</span></li>\r\n<li><span style=\"color: #777777;\">Su sello cierra herm&eacute;ticamente al dejar la v&aacute;lvula abierta y evita salpicar tu horno de microondas.</span></li>\r\n<li><span style=\"color: #777777;\">Adem&aacute;s impide que se reseque el alimento dentro del horno del microondas o la heladera.</span></li>\r\n<li><span style=\"color: #777777;\">Material r&iacute;gido, espec&iacute;fico para microondas.</span></li>\r\n</ul>\r\n<div><strong><span style=\"color: #777777;\">DISE&Ntilde;O</span></strong></div>\r\n<ul>\r\n<li><span style=\"color: #777777;\">Con sistema exclusivo de ventilaci&oacute;n que proporciona una ventaja &uacute;nica al calentar en forma pareja los alimentos sin necesidad de retirar el sello.</span></li>\r\n<li><span style=\"color: #777777;\">Sus ventanas laterales permiten observar el contenido sin necesidad de retirar el sello.</span></li>\r\n<li><span style=\"color: #777777;\">Soportes especiales en la parte inferior para evitar que el agua se condense en su base permitiendo que las ondas de microondas circulen libremente.</span></li>\r\n</ul>\r\n<div><strong><span style=\"color: #777777;\">CAPACIDADES</span></strong></div>\r\n<ul>\r\n<li><span style=\"color: #777777;\">Cristal Wave &nbsp; &nbsp; &nbsp; &nbsp; &nbsp; &nbsp; &nbsp; &nbsp; &nbsp; &nbsp; &nbsp; &nbsp; &nbsp; &nbsp; &nbsp; &nbsp; &nbsp; &nbsp; &nbsp; &nbsp; &nbsp;1 Lt&nbsp;</span></li>\r\n<li><span style=\"color: #777777;\">Cristal Wave &nbsp; &nbsp; &nbsp; &nbsp; &nbsp; &nbsp; &nbsp; &nbsp; &nbsp; &nbsp; &nbsp; &nbsp; &nbsp; &nbsp; &nbsp; &nbsp; &nbsp; &nbsp; &nbsp; &nbsp; &nbsp;1.5 Lts.&nbsp;</span></li>\r\n<li><span style=\"color: #777777;\">Cristal Wave Cuadrado Grande &nbsp; &nbsp; &nbsp; &nbsp; 2 Lts.</span></li>\r\n<li><span style=\"color: #777777;\">Cristal Wave Grande &nbsp; &nbsp; &nbsp; &nbsp; &nbsp; &nbsp; &nbsp; &nbsp; &nbsp; &nbsp; &nbsp; &nbsp; &nbsp; &nbsp;2 Lts.</span></li>\r\n<li><span style=\"color: #777777;\">Cristal Wave Jarra chica &nbsp; &nbsp; &nbsp; &nbsp; &nbsp; &nbsp; &nbsp; &nbsp; &nbsp; &nbsp; &nbsp; 1Lt.</span></li>\r\n<li><span style=\"color: #777777;\">Cristal Wave Maxi &nbsp; &nbsp; &nbsp; &nbsp; &nbsp; &nbsp; &nbsp; &nbsp; &nbsp; &nbsp; &nbsp; &nbsp; &nbsp; &nbsp; &nbsp; &nbsp; 3Lts.</span></li>\r\n<li><span style=\"color: #777777;\">Cristal Wave Taz&oacute;n &nbsp; &nbsp; &nbsp; &nbsp; &nbsp; &nbsp; &nbsp; &nbsp; &nbsp; &nbsp; &nbsp; &nbsp; &nbsp; &nbsp; &nbsp; 500ml</span></li>\r\n</ul>\r\n</div>', '2022-11-17 01:06:00', NULL, 'S', NULL, 'http://admin-web-tupper.com/public/img/galeria/Crystal-ware-2.jpg', 'http://admin-web-tupper.com/public/img/galeria/Crystal-ware-3.jpg', '', NULL),
(33, 4, 'revisar Eco Twist (repetido)', 'revisar-eco-twist-repetido', 'http://admin-web-tupper.com/public/img/galeria/eco-1.jpg', '', '<div><strong><span style=\"color: #777777;\">BENEFICIOS Y &Uacute;TILIDADES</span></strong></div>\r\n<ul>\r\n<li><span style=\"color: #777777;\">Producto ideal para hidratarte al m&aacute;ximo a donde quiera que vayas. &nbsp;</span></li>\r\n</ul>\r\n<div><strong><span style=\"color: #777777;\">DISE&Ntilde;O</span></strong></div>\r\n<ul>\r\n<li><span style=\"color: #777777;\">Cuenta con una tapa rosca con pesta&ntilde;a para que el momento de abrirlo sea m&aacute;s f&aacute;cil.</span></li>\r\n<li><span style=\"color: #777777;\">La botella es ergon&oacute;mica es un producto seguro, c&oacute;modo y f&aacute;cil al momento de transportarlo.</span></li>\r\n<li><span style=\"color: #777777;\">Es herm&eacute;tico.</span></li>\r\n</ul>\r\n<div>&nbsp;</div>\r\n<div><strong><span style=\"color: #777777;\">CAPACIDADES</span></strong></div>\r\n<ul>\r\n<li><span style=\"color: #777777;\">Eco Twist &nbsp; &nbsp; 500ml</span></li>\r\n<li><span style=\"color: #777777;\">Eco Twist &nbsp; &nbsp; &nbsp; &nbsp;1 L</span></li>\r\n</ul>\r\n<div>&nbsp;</div>', '2022-11-17 00:23:00', NULL, 'S', NULL, 'http://admin-web-tupper.com/public/img/galeria/eco-2.jpg', 'http://admin-web-tupper.com/public/img/galeria/eco-3.jpg', '', NULL),
(34, 4, 'Dosificador Splash', 'dosificador-splash', 'http://admin-web-tupper.com/public/img/galeria/Dosificador-splash-1.jpg', '', '<div><strong><span style=\"color: #777777;\">BENEFICIOS Y UTILIDADES</span></strong></div>\r\n<ul>\r\n<li><span style=\"color: #777777;\">Cuando termines de servir cierra la v&aacute;lvula para mantener el contenido aislado del medio ambiente y evitar que se contamine.</span></li>\r\n<li><span style=\"color: #777777;\">Cuenta con ventanas laterales que permiten ver el contenido del envase, adem&aacute;s de darle un aspecto de higiene, frescura y novedad.</span></li>\r\n<li><span style=\"color: #777777;\">Cuenta con una v&aacute;lvula en su sello lo cual deber&aacute;s abrir al servir, esto te permitir&aacute; la entrada de aire y as&oacute; evitar que se haga vacio en su interior para que el agua fluya correctamente.&nbsp;</span></li>\r\n<li><span style=\"color: #777777;\">Sello herm&eacute;tico por lo que tu l&iacute;quido nunca se demarrar&aacute; y no estar&aacute; en contacto con el medio ambiente.</span></li>\r\n<li><span style=\"color: #777777;\">Esta l&iacute;nea se puede utilizar tanto en el hogar como en espacios libres.</span></li>\r\n</ul>\r\n<div><strong><span style=\"color: #777777;\">DISE&Ntilde;O</span></strong></div>\r\n<ul>\r\n<li><span style=\"color: #777777;\">Cuenta con una v&aacute;lvula que te ayudar&aacute; a servir el contenido evitando derrames.&nbsp;</span></li>\r\n<li><span style=\"color: #777777;\">Material resistente gracias al cual se tiene la certeza de larga vida de los productos.</span></li>\r\n<li><span style=\"color: #777777;\">Dise&ntilde;o geom&eacute;trico en forma cuadrada. Siempre tendr&aacute;n 2 colores, uno transl&uacute;cido para ver el contenido y otro s&oacute;lido a su alrededor. &nbsp;</span></li>\r\n</ul>\r\n<div><strong><span style=\"color: #777777;\">CAPACIDADES:&nbsp;</span></strong></div>\r\n<ul>\r\n<li><span style=\"color: #777777;\">Splash Dosificador &nbsp; &nbsp; 8.7 &nbsp;L</span></li>\r\n<li><span style=\"color: #777777;\">Splash Dosificador &nbsp; 6.5 L</span></li>\r\n</ul>\r\n<div><span style=\"color: #777777;\">&nbsp;</span><br />&nbsp;</div>', '2022-11-17 00:35:00', NULL, 'S', NULL, 'http://admin-web-tupper.com/public/img/galeria/Dosificador-splash-2.jpg', 'http://admin-web-tupper.com/public/img/galeria/Dosificador-splash-3.jpg', '', NULL),
(35, 4, 'Copas Murano', 'copas-murano', 'http://admin-web-tupper.com/public/img/galeria/copas-murano-1.jpg', '', '<div><strong><span style=\"color: #777777;\">BENEFICIOS Y UTILIDADES</span></strong></div>\r\n<ul>\r\n<li><span style=\"color: #777777;\">En un color y tama&ntilde;o s&uacute;per especial</span></li>\r\n<li><span style=\"color: #777777;\">La pr&aacute;ctica de servir los postres en porciones individuales.</span></li>\r\n<li><span style=\"color: #777777;\">Pieza de soporte que proporciona una mayor estabilidad y soporte permite cubiertos sin ensuciar la mesa o mantel.</span></li>\r\n</ul>\r\n<div><strong><span style=\"color: #777777;\">DISE&Ntilde;O</span></strong></div>\r\n<ul>\r\n<li><span style=\"color: #777777;\">Las piezas son desmontables, lo que facilita la limpieza y ahorrar espacio en el tiempo para salvar.</span></li>\r\n</ul>\r\n<div><strong><span style=\"color: #777777;\">CAPACIDAD</span></strong></div>\r\n<ul>\r\n<li><span style=\"color: #777777;\">Murano Copas x 4 &nbsp; &nbsp; &nbsp; Ca.350ml c/u</span></li>\r\n</ul>\r\n<div>&nbsp;<br /><br /></div>', '2022-11-17 00:42:00', NULL, 'S', NULL, 'http://admin-web-tupper.com/public/img/galeria/copas-murano-2.jpg', '', '', NULL),
(31, 4, 'Tazas Murano X 4   ', 'murano-tazas-x-4', 'http://admin-web-tupper.com/public/img/galeria/tazas-murano.jpg', '', '<div><strong><span style=\"color: #777777;\">BENEFICIOS Y UTILIDADES</span></strong></div>\r\n<ul>\r\n<li><span style=\"color: #777777;\">Ideales para servir un buen desayuno.</span></li>\r\n<li><span style=\"color: #777777;\">&nbsp;Posee una orejita para sostenerlo.&nbsp;</span></li>\r\n<li><span style=\"color: #777777;\">Por su capacidad, son ideales para el uso diario o el jard&iacute;n.</span></li>\r\n</ul>\r\n<div><strong><span style=\"color: #777777;\">DISE&Ntilde;O</span></strong></div>\r\n<ul>\r\n<li><span style=\"color: #777777;\">Tazas en material de fina textura transl&uacute;cida.</span></li>\r\n<li><span style=\"color: #777777;\">Tienen un dise&ntilde;o &uacute;nico en su tipo ya que gracias a su efecto ondulado se adapta a tus manos impidiendo que se resbale de las mismas cuando est&eacute; mojado.</span></li>\r\n</ul>\r\n<div><strong><span style=\"color: #777777;\">CAPACIDAD</span></strong></div>\r\n<ul>\r\n<li><span style=\"color: #777777;\">Murano Tazas Chicos: &nbsp; &nbsp;300ml</span></li>\r\n<li><span style=\"color: #777777;\">Murano Tazas Grandes: &nbsp;500m</span>l</li>\r\n</ul>\r\n<div>&nbsp;<br /><br /></div>', '2022-11-16 23:58:00', NULL, 'S', NULL, 'http://admin-web-tupper.com/public/img/galeria/tazas-murano2.jpg', '', '', NULL),
(32, 4, 'Jarra Blossom', 'jarra-blossom', 'http://admin-web-tupper.com/public/img/galeria/jarra-blossom-1.jpg', '', '<div><strong><span style=\"color: #777777;\">BENEFICIOS Y UTILIDADES</span></strong></div>\r\n<ul>\r\n<li><span style=\"color: #777777;\">Es ideal para mezclar perfectamente tus bebidas jugos o agua de sabor, a las cuales se les acumula los ingredientes en el fondo gracias a su aspa en forma de flor.</span></li>\r\n<li><span style=\"color: #777777;\">Para mezclar baja el mango mezclador &nbsp;luego sube el mango mezclador y listo.</span></li>\r\n<li><span style=\"color: #777777;\">Con esta maravilla podr&aacute;s preparar delicias como: Una pi&ntilde;a colada, t&eacute; helado y malteada.</span></li>\r\n</ul>\r\n<div><strong><span style=\"color: #777777;\">DISE&Ntilde;O</span></strong></div>\r\n<ul>\r\n<li><span style=\"color: #777777;\">&nbsp;Elaborados de material rugoso con apariencia de cer&aacute;mica mate.</span></li>\r\n<li><span style=\"color: #777777;\">S&uacute; tapa posee un mango largo con aspa en forma de flor que llega hasta el fondo para mezclar perfectamente evitando salpicaduras.</span></li>\r\n</ul>\r\n<div><span style=\"color: #777777;\"><strong>CAPACIDAD </strong>&nbsp; &nbsp; &nbsp; &nbsp; &nbsp; &nbsp;</span></div>\r\n<ul>\r\n<li><span style=\"color: #777777;\">2 Lts.&nbsp;</span></li>\r\n</ul>\r\n<div>&nbsp;<br /><br /></div>', '2022-11-17 00:12:00', NULL, 'S', NULL, 'http://admin-web-tupper.com/public/img/galeria/jarra-blossom-2.jpg', 'http://admin-web-tupper.com/public/img/galeria/jarra-blossom-3.jpg', 'http://admin-web-tupper.com/public/img/galeria/jarra-blossom-4.jpg', NULL),
(29, 4, 'Vasos Murano', 'murano-vasos', 'http://admin-web-tupper.com/public/img/galeria/vasos-murano.jpg', '', '<div><strong><span style=\"color: #777777;\">BENEFICIOS Y UTILIDADES</span></strong></div>\r\n<ul>\r\n<li><span style=\"color: #777777;\">Su sello es herm&eacute;tico y tiene una orejita para abrirlo f&aacute;cilmente. Se puede transportar y llevar a la oficina, escuela, d&iacute;as de campo y m&aacute;s.</span></li>\r\n<li><span style=\"color: #777777;\">Por su capacidad, son ideales para el uso diario o el jard&iacute;n, la alberca o para eventos especiales.&nbsp;</span></li>\r\n<li><span style=\"color: #777777;\">Vasos en material de fina textura transl&uacute;cida.&nbsp;</span></li>\r\n<li><span style=\"color: #777777;\">No es recomendable transportar l&iacute;quidos calientes o gaseosos.</span></li>\r\n</ul>\r\n<div><strong><span style=\"color: #777777;\">DISE&Ntilde;O</span></strong></div>\r\n<ul>\r\n<li><span style=\"color: #777777;\">Estos vasos tienen un dise&ntilde;o &uacute;nico en su tipo ya que gracias a su efecto ondulado se adapta a tus manos impidiendo que se resbale de las mismas cuando est&eacute; mojado.</span></li>\r\n</ul>\r\n<div><strong><span style=\"color: #777777;\">CAPACIDADES</span></strong></div>\r\n<ul>\r\n<li><span style=\"color: #777777;\">Vasos Murano Chicos: &nbsp; &nbsp;330ml</span></li>\r\n<li><span style=\"color: #777777;\">Vasos Murano Grandes: &nbsp;500ml</span></li>\r\n</ul>\r\n<div><span style=\"color: #777777;\">&nbsp;</span></div>', '2022-11-16 23:42:00', NULL, 'S', NULL, 'http://admin-web-tupper.com/public/img/galeria/vasos-murano2.jpg', 'http://admin-web-tupper.com/public/img/galeria/vasos-murano-3.jpg', '', NULL),
(30, 4, 'Tupperlindro', 'tupperlindro', 'http://admin-web-tupper.com/public/img/galeria/tupperlindro.jpg', '', '<div><strong><span style=\"color: #777777;\">BENEFICIOS Y UTILIDADES</span></strong></div>\r\n<ul>\r\n<li><span style=\"color: #777777;\">Ideal para conservar, transportar y verter l&iacute;quidos sin gas.</span></li>\r\n<li><span style=\"color: #777777;\">Utilice los envases Tupperware y as&iacute; evita el consumo de envases desechables, lo que protege la naturaleza!</span></li>\r\n</ul>\r\n<div><strong><span style=\"color: #777777;\">DISE&Ntilde;O</span></strong></div>\r\n<ul>\r\n<li><span style=\"color: #777777;\">Doble sello herm&eacute;tico y pico vertedor con el que evitas que tus bebidas se rieguen.</span></li>\r\n<li><span style=\"color: #777777;\">Con su dise&ntilde;o de boquilla es muy c&oacute;modo beber tus l&iacute;quidos.</span></li>\r\n<li><span style=\"color: #777777;\">Porci&oacute;n de material de base resistente permite que los l&iacute;quidos calientes sin el uso del del sello.</span></li>\r\n</ul>\r\n<div><strong><span style=\"color: #777777;\">CAPACIDAD &nbsp;</span></strong></div>\r\n<ul>\r\n<li><span style=\"color: #777777;\">875ML</span></li>\r\n</ul>\r\n<div>&nbsp;</div>', '2022-11-16 23:50:00', NULL, 'S', NULL, 'http://admin-web-tupper.com/public/img/galeria/tupperlindro2.jpg', 'http://admin-web-tupper.com/public/img/galeria/tupperlindro3.jpg', '', NULL),
(28, 4, 'Eco twist tapa inteligente', 'eco-twist-tapa-inteligente', '', '', '<div><span style=\"color: #777777;\"><strong>BENEFICIOS Y &Uacute;TILIDADES</strong></span></div>\r\n<ul>\r\n<li><span style=\"color: #777777;\">Producto ideal para hidratarte al m&aacute;ximo a donde quiera que vayas.</span></li>\r\n</ul>\r\n<div><span style=\"color: #777777;\"><strong>DISE&Ntilde;O</strong></span></div>\r\n<ul>\r\n<li><span style=\"color: #777777;\">Cuenta con una tapa rosca con pesta&ntilde;a, el sello y una boquilla lo cual nos hace m&aacute;s f&aacute;cil beber de la botella.&nbsp;</span></li>\r\n<li><span style=\"color: #777777;\">La botella es ergon&oacute;mica es un producto seguro, c&oacute;modo y f&aacute;cil al momento de transportarlo.</span></li>\r\n<li><span style=\"color: #777777;\">Es herm&eacute;tico.</span></li>\r\n</ul>\r\n<div>&nbsp;</div>\r\n<div><span style=\"color: #777777;\"><strong>CAPACIDADES</strong></span></div>\r\n<ul>\r\n<li><span style=\"color: #777777;\">Eco Twist Tapa Inteligente &nbsp; &nbsp; &nbsp; &nbsp; &nbsp; 500ml.</span></li>\r\n<li><span style=\"color: #777777;\">Eco Twist Tapa Inteligente &nbsp; &nbsp; &nbsp; &nbsp; &nbsp; 1 Lts.</span></li>\r\n</ul>\r\n<div>&nbsp;</div>', '2022-11-16 23:34:00', NULL, 'N', NULL, '', '', '', NULL),
(27, 1, 'Maxi modular pro ', 'maxi-modular-pro', 'http://admin-web-tupper.com/public/img/galeria/maxi-modular-1.jpg', '', '<div>\r\n<div><strong>BENEFICIOS Y UTILIDADES</strong></div>\r\n<ul>\r\n<li>Ideales para guardar y conservar por m&aacute;s tiempo papas, cebollas, etc.&nbsp;</li>\r\n<li>Alimentos que necesiten ventilaci&oacute;n y no puedan exponerse a la humedad.&nbsp;</li>\r\n<li>Cuenta con una tapa con un sistema de ventilaci&oacute;n que permite la adecuada circulaci&oacute;n de aire para conservar tus alimentos por m&aacute;s tiempo.</li>\r\n<li>Su pr&aacute;ctica pesta&ntilde;a facilita el abrir y cerrar.&nbsp;</li>\r\n<li>Su abertura permite tomar y guardar de modo m&aacute;s sencillo.</li>\r\n</ul>\r\n<div><strong>DISE&Ntilde;O</strong></div>\r\n<ul>\r\n<li>Por su dise&ntilde;o son apilables y te permiten ahorrar espacio.&nbsp;</li>\r\n</ul>\r\n<div><strong>CAPACIDAD&nbsp;</strong></div>\r\n<ul>\r\n<li>5.5L</li>\r\n</ul>\r\n<div><strong>DIMENSIONES&nbsp;</strong></div>\r\n<ul>\r\n<li>Alto 17 cm</li>\r\n<li>Ancho 18cm</li>\r\n<li>Largo 24cm</li>\r\n</ul>\r\n</div>', '2022-11-16 23:15:00', NULL, 'S', NULL, 'http://admin-web-tupper.com/public/img/galeria/maxi-modular-2.jpg', '', '', NULL),
(26, 1, 'Súper modular', 'super-modular', 'http://admin-web-tupper.com/public/img/galeria/super-modulares-1.jpg', '', '<div><strong>BENEFICIOS Y UTILIDADES</strong></div>\r\n<ul>\r\n<li>El S&uacute;per Modular es ideal para guardar y conservar en excelente estado, pasta, chocolates, dulces, granos (no as&iacute; l&iacute;quidos)</li>\r\n<li>Puedes guardar objetos de gran tama&ntilde;o gracias a su dosificador de amplio grosor.</li>\r\n<li>Su sello es muy f&aacute;cil de abrir y permitir&aacute; sacar o servir &uacute;nicamente los productos o la cantidad deseada.</li>\r\n</ul>\r\n<div><strong>DISE&Ntilde;O</strong></div>\r\n<ul>\r\n<li>Su sello dosificador cuenta con el ancho ideal para permitir la salida del alimento ya sea polvo, granos o cualquier otro alimento de tama&ntilde;o amplio.</li>\r\n<li>Su sello dosificador permite verter el alimento directamente.</li>\r\n<li>S&uacute;per Modular Mediano posee una tapa con un sello dosificador redondo.</li>\r\n<li>&nbsp;S&uacute;per Modular Grande posee una tapa con un sello dosificador cuadrado.&nbsp;</li>\r\n<li>Su dise&ntilde;o cuadrado permite optimizar el espacio dentro de nuestra alacena o cl&oacute;set.</li>\r\n<li>Su material transl&uacute;cido te permite ver el interior sin tener que destapar el recipiente.</li>\r\n</ul>\r\n<div><strong>CAPACIDADES &nbsp;</strong> &nbsp;</div>\r\n<ul>\r\n<li>S&uacute;per Modular Grande &nbsp; &nbsp; &nbsp; 5 Lts.</li>\r\n<li>S&uacute;per Modular Mediano &nbsp; &nbsp; &nbsp;2.8 Lts.</li>\r\n</ul>', '2022-11-16 23:00:00', NULL, 'S', NULL, 'http://admin-web-tupper.com/public/img/galeria/super-modulares-2.jpg', '', '', NULL),
(25, 1, 'Modular cuadrado y rectangular', 'modular-cuadrado-y-rectangular', 'http://admin-web-tupper.com/public/img/galeria/modulares-1.jpg', '', '<div><strong>BENEFICIOS Y UTILIDADES</strong></div>\r\n<ul>\r\n<li>Recipientes modulares con sellos cuadrados y rectangulares que modulan para ahorrar espacio en la alacena.&nbsp;</li>\r\n<li>Forma cuadrada y tama&ntilde;os variados que permiten crear un sistema permanente de almacenamiento de alimentos en cantidad o de gran volumen.</li>\r\n<li>Su tama&ntilde;o y gran capacidad los convierten en los mejores recipientes para guardar pasta, bolsitas de t&eacute;, galletas, pan, diferentes art&iacute;culos del hogar son multifuncionales puedes utilizarlos de acuerdo a tus necesidades.</li>\r\n<li>Ideales para darle fin a las bolsas, cajas abiertas y alimentos da&ntilde;ados debido a la humedad.</li>\r\n</ul>\r\n<div><strong>DISE&Ntilde;O</strong></div>\r\n<ul>\r\n<li>Su sello de esquinas redondeadas protege el alimento del medio ambiente, se coloca y se retira con facilidad y conserva los alimentos en buen estado por m&aacute;s tiempo.</li>\r\n<li>Dise&ntilde;o en forma cuadrada y rectangular que ayuda a optimizar espacios.</li>\r\n<li>Tama&ntilde;os variados que permiten crear un sistema permanente de almacenamiento de alimentos en cantidad o de gran volumen.&nbsp;</li>\r\n<li>Hechos de material transl&uacute;cido con ventanas pulidas en el recipiente, que permiten ver el<br />contenido sin retirar el sello.</li>\r\n</ul>\r\n<div>CAPACIDADES</div>\r\n<ul>\r\n<li>Modular Cuadrado # 2 &nbsp; &nbsp; &nbsp; 2.6 Lts.</li>\r\n<li>Modular Cuadrado # 3 &nbsp; &nbsp; &nbsp; 4 Lts.</li>\r\n<li>Modular Cuadrado # 4 &nbsp; &nbsp; &nbsp; 5.5 Lts.</li>\r\n<li>Modular Rectangular # 1 &nbsp; &nbsp; &nbsp;2 Lts.</li>\r\n<li>Modular Rectangular # 2 &nbsp; &nbsp; &nbsp;4.3 Lts.</li>\r\n<li>Modular Rectangular # 4 &nbsp; &nbsp; &nbsp;9.4 Lts.</li>\r\n</ul>', '2022-11-16 22:27:00', NULL, 'S', NULL, 'http://admin-web-tupper.com/public/img/galeria/modulares-2.jpg', 'http://admin-web-tupper.com/public/img/galeria/modulares-3.jpg', '', NULL),
(24, 1, 'Modulares redondos', 'modulares-redondos', 'http://admin-web-tupper.com/public/img/galeria/modular-redondo-1.jpg', '', '<div>\r\n<div><span style=\"color: #777777;\"><strong>BENEFICIOS Y UTILIDADES</strong></span></div>\r\n<ul>\r\n<li><span style=\"color: #777777;\">Recipientes modulares con sellos redondos.</span></li>\r\n<li><span style=\"color: #777777;\">Ideal para la preservaci&oacute;n de los alimentos s&oacute;lidos.</span></li>\r\n<li><span style=\"color: #777777;\">Tiene la base transparente que permite ver el contenido.</span></li>\r\n<li><span style=\"color: #777777;\">Sello con cierre herm&eacute;tico, mantiene el sabor y la calidad del contenido durante mucho m&aacute;s tiempo.</span></li>\r\n<li><span style=\"color: #777777;\">&nbsp;</span><span style=\"color: #777777;\">La capacidad de grabado en la parte inferior de la pieza hace que sea f&aacute;cil de almacenar comida.&nbsp;</span></li>\r\n<li><span style=\"color: #777777;\">Diferentes alturas con diferentes capacidades para almacenar alimentos como: Granos, cereales, harinas entre otros.</span></li>\r\n<li><span style=\"color: #777777;\">Proporcionan la ocupaci&oacute;n racional de los espacios en t&uacute; alacena.</span></li>\r\n</ul>\r\n<div><span style=\"color: #777777;\"><strong>DISE&Ntilde;O</strong></span></div>\r\n<ul>\r\n<li><span style=\"color: #777777;\">Dise&ntilde;o redondo que permite apilarlos.</span></li>\r\n<li><span style=\"color: #777777;\">Material r&iacute;gido transl&uacute;cido con gran resistencia.</span></li>\r\n<li><span style=\"color: #777777;\">Su sello redondo con dos pesta&ntilde;as, permite quitarlo y ajustarlo con comodidad.</span></li>\r\n<li><span style=\"color: #777777;\">Algunos sellos son con dosificador, tiene una bisagra central posee tres agujeros de un lado y una abertura grande del otro, con el que se puede rociar y/o verter el contenido.</span></li>\r\n</ul>\r\n<div><span style=\"color: #777777;\"><strong>CAPACIDADES</strong></span></div>\r\n<ul>\r\n<li><span style=\"color: #777777;\">Modular Redondo # 1: &nbsp;200 ml.</span></li>\r\n<li><span style=\"color: #777777;\">Modular Redondo # 2: &nbsp;440 ml</span></li>\r\n<li><span style=\"color: #777777;\">Modular Redondo # 3: &nbsp;650 ml</span></li>\r\n<li><span style=\"color: #777777;\">Modular Redondo # 4: &nbsp;890 ml</span></li>\r\n<li><span style=\"color: #777777;\">Modular Redondo # 5: &nbsp;1.1 L</span></li>\r\n</ul>\r\n</div>', '2022-11-16 21:57:00', NULL, 'S', NULL, 'http://admin-web-tupper.com/public/img/galeria/modular-redondo-2.jpg', 'http://admin-web-tupper.com/public/img/galeria/modular-redondo-3.jpg', 'http://admin-web-tupper.com/public/img/galeria/modular-redondo-4.jpg', NULL),
(8, 1, 'Modulares Milenium', 'modulares-milenium', 'http://admin-web-tupper.com/public/img/galeria/Modular-premier.png', '', '<div>\r\n<div style=\"text-align: justify;\"><span style=\"color: #777777;\"><strong>BENEFICIOS Y UTILIDADES </strong>&nbsp; &nbsp; &nbsp;</span></div>\r\n<div style=\"text-align: justify;\"><span style=\"color: #777777;\">Ayuda al almacenamiento de cualquier tipo de alimento s&oacute;lido con un concepto de avanzada.</span></div>\r\n<div style=\"text-align: justify;\"><span style=\"color: #777777;\">Los recipientes premier est&aacute;n basados en </span><span style=\"color: #777777;\">el concepto de PEPS (Primeras Entradas, Primeras Salidas), donde el primer alimento que se almacen&oacute; es el primero que va a salir.</span></div>\r\n<div style=\"text-align: justify;\"><span style=\"color: #777777;\">Tienen un amplio vertedor, lo cual facilita servir y dosificar el cereal al gusto de tus necesidades.</span></div>\r\n<div style=\"text-align: justify;\"><span style=\"color: #777777;\">Para sellar, presiona con los dos pulgares</span><span style=\"color: #777777;\">sobre las &aacute;reas resaltadas a los extremos del sello. as&iacute; cerrar&aacute;s el recipiente de modo seguro. Para retirar coloca el recipiente en tus manos verticalmente, presiona la parte central del sello y al mismo tiempo lev&aacute;ntalo.</span></div>\r\n<div style=\"text-align: justify;\"><span style=\"color: #777777;\">Su tapa es muy f&aacute;cil de abrir y muy efectiva para servir los alimentos cuando se desea.</span></div>\r\n<div style=\"text-align: justify;\"><span style=\"color: #777777;\">Material transl&uacute;cido. te permite ver la cantidad </span><span style=\"color: #777777;\">de alimento.</span></div>\r\n<div style=\"text-align: justify;\"><span style=\"color: #777777;\">Sello s&oacute;lido y herm&eacute;tico.</span></div>\r\n<div style=\"text-align: justify;\"><br /><span style=\"color: #777777;\"><strong>DISE&Ntilde;O</strong></span></div>\r\n<div style=\"text-align: justify;\"><span style=\"color: #777777;\">Su dise&ntilde;o permite almacenar cereales, el primer alimento que se almacena es el primero en consumir.</span></div>\r\n<div style=\"text-align: justify;\"><span style=\"color: #777777;\">Son f&aacute;cilmente apilables para aprovechar al m&aacute;ximo los espacios.</span></div>\r\n<div style=\"text-align: justify;\"><span style=\"color: #777777;\">La parte superior es m&aacute;s angosta que la base y el sello tiene el tama&ntilde;o adecuado para que se apile otro premier.</span></div>\r\n<div style=\"text-align: justify;\"><span style=\"color: #777777;\">Ventana lateral transparente para ver lo que contiene en su interior.</span></div>\r\n<div style=\"text-align: justify;\"><span style=\"color: #777777;\">&nbsp;F&aacute;cil de tomarlo pues cuentan con bordes donde se puede sujetar el producto.</span></div>\r\n<div><br /><span style=\"color: #777777;\"><strong>CAPACIDADES</strong></span></div>\r\n<div><span style=\"color: #777777;\">Milenium # 1 &nbsp; &nbsp; &nbsp; &nbsp;1 L</span></div>\r\n<div><span style=\"color: #777777;\">Milenium # 2 &nbsp; &nbsp; &nbsp; &nbsp;1.2 LTS</span></div>\r\n<div><span style=\"color: #777777;\">Milenium # 3 &nbsp; &nbsp; &nbsp; &nbsp;1.6 LTS</span></div>\r\n<div><span style=\"color: #777777;\">Milenium # 4 &nbsp; &nbsp; &nbsp; &nbsp;2.5 LTS</span></div>\r\n<div><span style=\"color: #777777;\">Cerealero Milenium 5.3 LTS</span></div>\r\n<div><span style=\"color: #777777;\">&nbsp;&nbsp;</span></div>\r\n<div>&nbsp;</div>\r\n</div>\r\n<div>&nbsp;</div>', '2022-11-11 17:35:00', NULL, 'S', NULL, 'http://admin-web-tupper.com/public/img/galeria/Modulares-millenium.png', 'http://admin-web-tupper.com/public/img/galeria/Modulares-millenium-2.png', 'http://admin-web-tupper.com/public/img/galeria/Modular-millenium-1.jpg', NULL),
(2, 1, 'Modulares Ovales', 'modulares-ovales', 'http://admin-web-tupper.com/public/img/galeria/producto2.jpg', '', '<div><strong>BENEFICIOS Y UTILIDADES</strong></div>\r\n<div>Los modulares est&aacute;n especialmente dise&ntilde;ados para almacenar alimentos secos ocupando muy poco espacio en la alacena.</div>\r\n<div>Su dise&ntilde;o ovalado permite retirar y colocar f&aacute;cilmente el recipiente en la alacena.</div>\r\n<div>Ahorra espacio al guardar cantidades de alimento tales como: galletas, granos, cereales, harinas entre otros.</div>\r\n<div>&nbsp;</div>\r\n<div><strong>DISE&Ntilde;O</strong></div>\r\n<div>Su dise&ntilde;o oval permite apilarlos.</div>\r\n<div>\r\n<div>Material r&iacute;gido transl&uacute;cido de gran resistencia.</div>\r\n<div>Diferentes alturas con diferentes capacidades para almacenar alimentos como: Galletas, granos, cereales, harinas entre otros.</div>\r\n<div>El sello a prueba de aire es muy f&aacute;cil de colocar y retirar, conservando los alimentos frescos por m&aacute;s tiempo. &nbsp;</div>\r\n<div>&nbsp;</div>\r\n<div><strong>CAPACIDAD</strong></div>\r\n</div>\r\n<div>Modular Oval # 1 &nbsp;500 ml</div>\r\n<div>\r\n<div>Modular Oval # 2 &nbsp;1.1 L</div>\r\n<div>Modular Oval # 3 &nbsp;1.7 L</div>\r\n<div>Modular Oval # 4 &nbsp;2.3 L</div>\r\n<div>Modular Oval # 5 &nbsp;2.9 L</div>\r\n</div>', '2022-11-09 15:26:00', NULL, 'S', NULL, 'http://admin-web-tupper.com/public/img/galeria/01.jpg', 'http://admin-web-tupper.com/public/img/galeria/02.jpg', '', ''),
(19, 4, 'Cubeta y Cubetón', 'cubeta-y-cubeton', 'http://admin-web-tupper.com/public/img/galeria/Cubeton.png', '', '<div>\r\n<div><strong><span style=\"color: #777777;\">BENEFICIOS Y UTILIDADES</span></strong></div>\r\n<div><span style=\"color: #777777;\">Sello redondo herm&eacute;tico a prueba de derrames. posee un pico vertedor que facilita servir tus l&iacute;quidos.</span><br /><span style=\"color: #777777;\">Asa ergon&oacute;mica que facilita su manejo. Se amolda perfectamente a tus manos y no las lastima cuando transportas alg&uacute;n l&iacute;quido. Ahorra tiempo preparando tus bebidas para toda la familia.</span><br /><span style=\"color: #777777;\">Elaborado con material r&iacute;gido, por lo que es muy resistente e indeformable.</span></div>\r\n<div><strong><span style=\"color: #777777;\">DISE&Ntilde;O</span></strong></div>\r\n<div><span style=\"color: #777777;\">Su dise&ntilde;o cil&iacute;ndrico lo hace pr&aacute;ctico y funcional producto de gran capacidad.</span><br /><span style=\"color: #777777;\">Variedad de colores y dise&ntilde;os</span></div>\r\n<div><strong><span style=\"color: #777777;\">CAPACIDADES</span></strong></div>\r\n<div><span style=\"color: #777777;\">5 LTS</span><br /><span style=\"color: #777777;\">8 LTS</span></div>\r\n</div>', '2022-11-15 02:13:00', NULL, 'S', NULL, 'http://admin-web-tupper.com/public/img/galeria/Cubeton-2.png', 'http://admin-web-tupper.com/public/img/galeria/Cubeton-3.png', '', NULL),
(22, 7, 'Ultra Tazones ', 'ultra-tazones', 'http://admin-web-tupper.com/public/img/galeria/ultra-tazones.png', '', '<div>\r\n<div><strong><span style=\"color: #777777;\">BENEFICIOS Y UTILIDADES</span></strong></div>\r\n<ul>\r\n<li><span style=\"color: #777777;\">Un Ultra Taz&oacute;n indispensable en la cocina moderna ideal para preparar, guardar, transportar alimentos en grandes cantidades, mezclas para tortas, ensaladas, etc.</span></li>\r\n<li><span style=\"color: #777777;\">Asa para introducir el dedo pulgar que facilita la labor de mezclado, ya que se puede sujetar con firmeza.</span></li>\r\n<li><span style=\"color: #777777;\">En el Ultra taz&oacute;n se puede guardar: Masa para pizza. empanadas, tomates, manzanas, ensalada de frutas, etc.</span></li>\r\n<li><span style=\"color: #777777;\">Envase con un asa y sello cl&aacute;sico redondo.&nbsp;</span></li>\r\n<li><span style=\"color: #777777;\">Material r&iacute;gido de alta densidad que lo hace m&aacute;s resistente e indeformable al uso.</span></li>\r\n<li><span style=\"color: #777777;\">Textura rugosa interna que resiste el batido de los alimentos.</span></li>\r\n<li><span style=\"color: #777777;\">Reborde superior en el contorno. para manipular y sostener f&aacute;cilmente.</span></li>\r\n</ul>\r\n<div><span style=\"color: #777777;\"><strong>CAPACIDADES</strong><br /></span></div>\r\n<ul>\r\n<li><span style=\"color: #777777;\">Ultra Taz&oacute;n Extra Mini &nbsp; &nbsp; &nbsp; 600ML<br /></span></li>\r\n<li><span style=\"color: #777777;\">Ultra Taz&oacute;n Mini &nbsp; &nbsp; &nbsp; &nbsp; &nbsp; &nbsp; &nbsp; &nbsp; 1.4 LTS<br /></span></li>\r\n<li><span style=\"color: #777777;\">Ultra Taz&oacute;n Chico &nbsp; &nbsp; &nbsp; &nbsp; &nbsp; &nbsp; &nbsp; 2.75 LTS<br /></span></li>\r\n<li><span style=\"color: #777777;\">Ultra Taz&oacute;n Mediano &nbsp; &nbsp; &nbsp; &nbsp; 4.5 LTS<br /></span></li>\r\n<li><span style=\"color: #777777;\">Ultra Taz&oacute;n Grande &nbsp; &nbsp; &nbsp; &nbsp; &nbsp; &nbsp;7.8 LTS<br /></span></li>\r\n<li><span style=\"color: #777777;\">Mega Taz&oacute;n &nbsp; &nbsp; &nbsp; &nbsp; &nbsp; &nbsp; &nbsp; &nbsp; &nbsp; &nbsp; &nbsp; &nbsp; 10 LTS&nbsp;<br /></span></li>\r\n<li><span style=\"color: #777777;\">Jumbo Taz&oacute;n &nbsp; &nbsp; &nbsp; &nbsp; &nbsp; &nbsp; &nbsp; &nbsp; &nbsp; &nbsp; &nbsp; &nbsp;14 LTS</span></li>\r\n</ul>\r\n<div>&nbsp;</div>\r\n</div>', '2022-11-15 02:28:00', NULL, 'S', NULL, 'http://admin-web-tupper.com/public/img/galeria/Ultra-tazones-2.png', 'http://admin-web-tupper.com/public/img/galeria/Ultra-tazones-3.png', '', NULL);
INSERT INTO `publicacion` (`idpub`, `idcatg`, `titulo`, `tagname`, `portada`, `detalle`, `cuerpo`, `fecpub`, `fecreg`, `visible`, `trial488`, `img1`, `img2`, `img3`, `img4`) VALUES
(18, 4, 'Jarras murano', 'jarras-murano', 'http://admin-web-tupper.com/public/img/galeria/jarra-murano-1.jpg', '', '<div>\r\n<div><strong><span style=\"color: #777777;\">BENEFICIOS Y UTILIDADES</span></strong></div>\r\n<div><span style=\"color: #777777;\">Cuenta con un asa lateral ondulada, la cual gracias a su dise&ntilde;o se puede tomar f&aacute;cilmente con una sola mano.</span><br /><span style=\"color: #777777;\">Su pico vertedor permite servir dosificadamente los l&iacute;quidos.</span><br /><span style=\"color: #777777;\">Su tapa higi&eacute;nica es muy f&aacute;cil de colocar y retirar. Para abrirla basta presionar la parte cercana al asa, y para cerrar presionar en el frente. El vertedor abrir&aacute; permitiendo suficiente espacio para verter sin salpicar.</span><br /><span style=\"color: #777777;\">Elaborada en material transl&uacute;cido con textura rugosa en la parte exterior y lisa en su interior para facilitar en su limpieza.</span></div>\r\n<div><strong><span style=\"color: #777777;\">DISE&Ntilde;O</span></strong></div>\r\n<div><span style=\"color: #777777;\">Su Dise&ntilde;o es oval, por lo cual podr&aacute;s guardarla en la puerta del refrigerador o dentro en un extremo. logrando optimizaci&oacute;n y ahorro de espacio dentro del refrigerador.</span></div>\r\n<div><strong><span style=\"color: #777777;\">CAPACIDADES</span></strong></div>\r\n<div><span style=\"color: #777777;\">1 L</span><br /><span style=\"color: #777777;\">2 LTS</span><br /><span style=\"color: #777777;\">3.75 LTS</span></div>\r\n</div>', '2022-11-15 02:09:00', NULL, 'S', NULL, 'http://admin-web-tupper.com/public/img/galeria/jarra-murano-2.jpg', 'http://admin-web-tupper.com/public/img/galeria/jarra-murano-3.jpg', '', NULL),
(21, 5, 'Cristal Flash', 'cristal-flash', 'http://admin-web-tupper.com/public/img/galeria/Cristal-flash.png', '', '<div>\r\n<div><strong><span style=\"color: #777777;\">BENEFICIOS Y UTILIDADES</span></strong></div>\r\n<div><span style=\"color: #777777;\">En esta l&iacute;nea puedes guardar, congelar y calentar en el horno de microondas. Servir y transportar en el mismo recipiente cualquier alimento.</span><br /><span style=\"color: #777777;\">Su v&aacute;lvula especial elimina el exceso de vapor al calentar. simplemente se abre la v&aacute;lvula y se mete al microondas.</span><br /><span style=\"color: #777777;\">Se puede usar perfectamente sellado dentro de la heladera.</span><br /><span style=\"color: #777777;\">Su sello cierra herm&eacute;ticamente al dejar la v&aacute;lvula abierta y evita salpicar tu horno de microondas. Adem&aacute;s, impide que se reseque el alimento dentro del horno de microondas o la heladera.&nbsp;</span><br /><span style=\"color: #777777;\">Material r&iacute;gido, espec&iacute;fico para microondas.</span></div>\r\n<div><strong><span style=\"color: #777777;\">DISE&Ntilde;O</span></strong></div>\r\n<div><span style=\"color: #777777;\">Con sistema exclusivo de ventilaci&oacute;n que proporciona una ventaja &uacute;nica, al calentar en forma pareja los alimentos sin necesidad de retirar el sello.</span><br /><span style=\"color: #777777;\">Sus ventanas laterales permiten observar el contenido sin necesidad de retirar el sello.</span><br /><span style=\"color: #777777;\">Soportes especiales en la parte inferior para evitar que el agua se condense en su base. permitiendo que las ondas de microondas circulen libremente</span></div>\r\n<div><strong><span style=\"color: #777777;\">CAPACIDADES</span></strong></div>\r\n<div><span style=\"color: #777777;\">Cristal Flash &nbsp; &nbsp; &nbsp; &nbsp; &nbsp; &nbsp; &nbsp; &nbsp; &nbsp; &nbsp; &nbsp; &nbsp; &nbsp; &nbsp; &nbsp; &nbsp; &nbsp; &nbsp; &nbsp; &nbsp; &nbsp; &nbsp; &nbsp; 1 L</span><br /><span style=\"color: #777777;\">Cristal Flash &nbsp; &nbsp; &nbsp; &nbsp; &nbsp; &nbsp; &nbsp; &nbsp; &nbsp; &nbsp; &nbsp; &nbsp; &nbsp; &nbsp; &nbsp; &nbsp; &nbsp; &nbsp; &nbsp; &nbsp; &nbsp; &nbsp; &nbsp; 1.5 LTS</span><br /><span style=\"color: #777777;\">Cristal Flash Cuadrado Grande &nbsp; &nbsp; &nbsp; &nbsp; &nbsp; &nbsp; &nbsp; 2 LTS</span><br /><span style=\"color: #777777;\">Cristal Flash Grande &nbsp; &nbsp; &nbsp; &nbsp; &nbsp; &nbsp; &nbsp; &nbsp; &nbsp; &nbsp; &nbsp; &nbsp; &nbsp; &nbsp; &nbsp; &nbsp; 2 LTS</span><br /><span style=\"color: #777777;\">Maxi Cristal Flash &nbsp; &nbsp; &nbsp; &nbsp; &nbsp; &nbsp; &nbsp; &nbsp; &nbsp; &nbsp; &nbsp; &nbsp; &nbsp; &nbsp; &nbsp; &nbsp; &nbsp; &nbsp; &nbsp;3 LTS</span><br /><span style=\"color: #777777;\">Taza Cristal Flash &nbsp; &nbsp; &nbsp; &nbsp; &nbsp; &nbsp; &nbsp; &nbsp; &nbsp; &nbsp; &nbsp; &nbsp; &nbsp; &nbsp; &nbsp; &nbsp; &nbsp; &nbsp; &nbsp; 500 ML</span><br /><span style=\"color: #777777;\">Plato Cristal Flash con Divisiones &nbsp; &nbsp; &nbsp; &nbsp; &nbsp; 1 L</span><br /><span style=\"color: #777777;\">Mega Cristal Flash &nbsp; &nbsp; &nbsp; &nbsp; &nbsp; &nbsp; &nbsp; &nbsp; &nbsp; &nbsp; &nbsp; &nbsp; &nbsp; &nbsp; &nbsp; &nbsp; &nbsp; &nbsp; 4 LTS</span></div>\r\n</div>\r\n<div>&nbsp;</div>', '2022-11-15 02:23:00', NULL, 'S', NULL, 'http://admin-web-tupper.com/public/img/galeria/Cristal-flash-2.png', 'http://admin-web-tupper.com/public/img/galeria/Cristal-flash-3.png', '', NULL),
(20, 5, 'Portasandwich', 'portasandwich', 'http://admin-web-tupper.com/public/img/galeria/Portasandwich.png', '', '<div>\r\n<div><strong><span style=\"color: #777777;\">BENEFICIOS Y UTILIDADES</span></strong></div>\r\n<div><span style=\"color: #777777;\">Por su dise&ntilde;o compacto es muy pr&aacute;ctico para transportar alimentos. a la escuela. oficina. gimnasio. etc.</span><br /><span style=\"color: #777777;\">Su tama&ntilde;o y forma permite utilizarlos dentro de una mochila. bolsa o portafolios c&oacute;modamente. Puedes llevar tu lunch a la escuela, oficina, al gimnasio etc.</span><br /><span style=\"color: #777777;\">Colores muy atractivos tanto para ni&ntilde;os como adultos.</span><br /><span style=\"color: #777777;\">Mantiene los s&aacute;ndwiches frescos y evita que se pegue las servilletas de papel o cualquier otro empaque que utilices.</span><br /><strong><span style=\"color: #777777;\">Cuenta con material r&iacute;gido de alta densidad haciendo que este sea resistente a rayaduras.</span></strong></div>\r\n<div><strong><span style=\"color: #777777;\">DISE&Ntilde;O</span></strong></div>\r\n<div><span style=\"color: #777777;\">Recipiente, con dise&ntilde;o cuadrado, compacto y seguro con clic.</span></div>\r\n<div><strong><span style=\"color: #777777;\">MEDIDAS</span></strong></div>\r\n<div><span style=\"color: #777777;\">Largo &nbsp; &nbsp; 11 cm</span><br /><span style=\"color: #777777;\">Ancho &nbsp; &nbsp;12.5 cm</span></div>\r\n</div>', '2022-11-15 02:17:00', NULL, 'S', NULL, 'http://admin-web-tupper.com/public/img/galeria/Portasandwich-2.png', '', '', NULL),
(15, 3, 'Botes Para Refri', 'botes-para-refri', 'http://admin-web-tupper.com/public/img/galeria/Bote-Refri.png', '', '<div>\r\n<div><strong><span style=\"color: #777777;\">BENEFICIOS Y UTILIDADES</span></strong></div>\r\n<div>&nbsp;</div>\r\n<div><span style=\"color: #777777;\">Producto herm&eacute;tico, a prueba de derrames que ayuda a mantener tus alimentos en perfectas condiciones dentro de la heladera.</span></div>\r\n<div><span style=\"color: #777777;\">Son multifuncionales; tambi&eacute;n conservan alimentos secos y comidas.</span></div>\r\n<div><span style=\"color: #777777;\">Material transl&uacute;cido que permite ver el contenido y la cantidad de alimento almacenado.</span></div>\r\n<div><br /><strong><span style=\"color: #777777;\">CAPACIDADES:</span></strong></div>\r\n<div><br /><span style=\"color: #777777;\">Bote &nbsp; &nbsp; &nbsp; &nbsp; &nbsp; &nbsp; &nbsp; &nbsp;600 ML</span></div>\r\n<div><span style=\"color: #777777;\">Mini &nbsp; &nbsp; &nbsp; &nbsp; &nbsp; &nbsp; &nbsp; 1.2 LTS</span></div>\r\n<div><span style=\"color: #777777;\">Chico &nbsp; &nbsp; &nbsp; &nbsp; &nbsp; &nbsp; 1.5 LTS</span></div>\r\n<div><span style=\"color: #777777;\">Mediano &nbsp; &nbsp; &nbsp; &nbsp; 2 LTS</span></div>\r\n<div><span style=\"color: #777777;\">Grande &nbsp; &nbsp; &nbsp; &nbsp; &nbsp;3.5 LTS</span></div>\r\n<div>&nbsp;</div>\r\n</div>', '2022-11-15 01:54:00', NULL, 'S', NULL, 'http://admin-web-tupper.com/public/img/galeria/Bote-Refri2.png', 'http://admin-web-tupper.com/public/img/galeria/bote-1.jpg', 'http://admin-web-tupper.com/public/img/galeria/bote-para-refri-1.jpg', NULL),
(16, 3, 'Picadilly', 'picadilly', 'http://admin-web-tupper.com/public/img/galeria/Picadilly-2.png', '', '<div>\r\n<div><strong><span style=\"color: #777777;\">BENEFICIOS Y UTILIDADES</span></strong><br /><span style=\"color: #777777;\">Ideales para guardar en la heladera y llevar a la mesa cualquier tipo de escabeches, envinagrado, cortadas, aj&iacute;, conservas o alm&iacute;bares y aceitunas.</span><br /><span style=\"color: #777777;\">El inserto colador removible permite separar el alimento s&oacute;lido del l&iacute;quido para tomarlo con facilidad. Eso evita que introduzcamos un elemento en el aceite o vinagre conservando por mayor tiempo los alimentos.</span></div>\r\n<div><strong><span style=\"color: #777777;\">DISE&Ntilde;O</span></strong><br /><span style=\"color: #777777;\">Su material de alta densidad trasl&uacute;cido con ventanas laterales permite ver el contenido y la cantidad de alimento almacenado.</span><br /><span style=\"color: #777777;\">Tiene el tama&ntilde;o perfecto para cada necesidad.</span></div>\r\n<div><strong><span style=\"color: #777777;\">CAPACIDADES</span></strong></div>\r\n<div><span style=\"color: #777777;\">Mini Picadilly &nbsp; &nbsp; &nbsp; &nbsp; &nbsp;500ML</span><br /><span style=\"color: #777777;\">Picadilly Chico &nbsp; &nbsp; &nbsp; &nbsp;1 L</span><br /><span style=\"color: #777777;\">S&uacute;per Picadilly &nbsp; &nbsp; &nbsp; &nbsp;2 LTS</span></div>\r\n</div>\r\n<div>&nbsp;</div>', '2022-11-15 01:58:00', NULL, 'S', NULL, 'http://admin-web-tupper.com/public/img/galeria/Picadilly_2.png', 'http://admin-web-tupper.com/public/img/galeria/picadilly-3.jpg', 'http://admin-web-tupper.com/public/img/galeria/picadilly-1.jpg', NULL),
(17, 4, 'Eco Twist', 'eco-twist', 'http://admin-web-tupper.com/public/img/galeria/Ecos.png', '', '<div><span style=\"color: #777777;\"><strong>BENEFICIOS Y UTILIDADES</strong></span></div>\r\n<ul>\r\n<li><span style=\"color: #777777;\">Producto ideal para hidratarte al m&aacute;ximo a donde quiera que vayas.</span></li>\r\n</ul>\r\n<div><span style=\"color: #777777;\"><strong>DISE&Ntilde;O</strong></span></div>\r\n<div>&nbsp;</div>\r\n<ul>\r\n<li><span style=\"color: #777777;\">Cuenta con una tapa rosca con pesta&ntilde;a para que al momento de abrirlo sea m&aacute;s f&aacute;cil.</span></li>\r\n<li><span style=\"color: #777777;\">La botella es ergon&oacute;mica&nbsp;</span></li>\r\n<li><span style=\"color: #777777;\">Es un producto seguro</span></li>\r\n<li><span style=\"color: #777777;\">C&oacute;modo y f&aacute;cil al momento de transportarlo, es herm&eacute;tico</span></li>\r\n</ul>\r\n<div><span style=\"color: #777777;\"><strong>CAPACIDADES</strong></span></div>\r\n<ul>\r\n<li><span style=\"color: #777777;\">Eco Twist &nbsp; &nbsp; &nbsp; &nbsp;500 ML</span></li>\r\n<li><span style=\"color: #777777;\">Eco Twist &nbsp; &nbsp; &nbsp; &nbsp;750 ML</span></li>\r\n<li><span style=\"color: #777777;\">Eco Twist &nbsp; &nbsp; &nbsp; &nbsp; 1 L</span></li>\r\n<li><span style=\"color: #777777;\">Eco Twist &nbsp; &nbsp; &nbsp; &nbsp; 1.5 LTS</span></li>\r\n<li><span style=\"color: #777777;\">Eco Twist &nbsp; &nbsp; &nbsp; &nbsp; 2 LTS</span></li>\r\n</ul>\r\n<div style=\"text-align: center;\">&nbsp;</div>', '2022-11-15 02:03:00', NULL, 'S', NULL, 'http://admin-web-tupper.com/public/img/galeria/Ecos-2.png', 'http://admin-web-tupper.com/public/img/galeria/Ecos-3.png', '', NULL),
(23, 7, 'Tazones Murano', 'tazones-murano', 'http://admin-web-tupper.com/public/img/galeria/tazones-murano.png', '', '<div>\r\n<div><span style=\"color: #777777;\"><strong>BENEFICIOS Y UTILIDADES</strong></span></div>\r\n<ul>\r\n<li><span style=\"color: #777777;\">Son trasl&uacute;cidos, se puede ver la cantidad de alimento en su interior sin retirar el sello. Su interior es pulido, te permite batir y mezclar alimentos.</span></li>\r\n<li><span style=\"color: #777777;\">Los bordes en el sello y el fondo del taz&oacute;n te permitir&aacute;n apilar los tazones f&aacute;cilmente.</span></li>\r\n<li><span style=\"color: #777777;\">El sello tambi&eacute;n te puede servir como base para servir y presentar los platillos en la mesa.</span></li>\r\n<li><span style=\"color: #777777;\">Elaborados en material r&iacute;gido transl&uacute;cido.</span></li>\r\n</ul>\r\n<div><span style=\"color: #777777;\"><strong>DISE&Ntilde;O</strong></span></div>\r\n<ul>\r\n<li><span style=\"color: #777777;\">Por su dise&ntilde;o te permite refrigerar alimentos y llevarlos directamente a la mesa como: pastas. ensaladas, frutas, postres. etc.</span></li>\r\n<li><span style=\"color: #777777;\">El taz&oacute;n tiene dise&ntilde;o angulado en su borde que facilita verter l&iacute;quidos del taz&oacute;n.</span></li>\r\n<li><span style=\"color: #777777;\">Cuentan con sello herm&eacute;tico que mantiene los alimentos frescos por m&aacute;s tiempo </span></li>\r\n</ul>\r\n<div><span style=\"color: #777777;\"><strong>CAPACIDAD</strong></span></div>\r\n<div><span style=\"color: #777777;\">Taz&oacute;n Muranito &nbsp; &nbsp; &nbsp; &nbsp; &nbsp; &nbsp; &nbsp; &nbsp; &nbsp; &nbsp; &nbsp; &nbsp; &nbsp; 500ML</span></div>\r\n<div><span style=\"color: #777777;\">Taz&oacute;n Murano Chico &nbsp; &nbsp; &nbsp; &nbsp; &nbsp; &nbsp; &nbsp; &nbsp; &nbsp; 1.3 LTS</span></div>\r\n<div><span style=\"color: #777777;\">Taz&oacute;n Murano Mediano &nbsp; &nbsp; &nbsp; &nbsp; &nbsp; &nbsp; 2.5 LTS</span></div>\r\n<div><span style=\"color: #777777;\">Taz&oacute;n Murano Grande &nbsp; &nbsp; &nbsp; &nbsp; &nbsp; &nbsp; &nbsp; &nbsp;4.3 LTS</span></div>\r\n<div><span style=\"color: #777777;\">Mega Taz&oacute;n Murano &nbsp; &nbsp; &nbsp; &nbsp; &nbsp; &nbsp; &nbsp; &nbsp; &nbsp; 7.5 LTS</span></div>\r\n<div>&nbsp;</div>\r\n</div>', '2022-11-15 02:33:00', NULL, 'S', NULL, 'http://admin-web-tupper.com/public/img/galeria/Tazones-murano-2.png', 'http://admin-web-tupper.com/public/img/galeria/Tazones-murano-3.png', 'http://admin-web-tupper.com/public/img/galeria/Tazones-murano-4.png', NULL),
(47, 3, 'Salchifresca', 'salchifresca', 'http://admin-web-tupper.com/public/img/galeria/salchifresca-1.jpg', '', '<div><strong><span style=\"color: #777777;\">BENEFICIOS Y UTILIDADES</span></strong></div>\r\n<ul>\r\n<li><span style=\"color: #777777;\">Es ideal para mantener m&aacute;s frescas las salchichas.&nbsp;</span></li>\r\n<li><span style=\"color: #777777;\">Ahorra comprando salchichas a granel y cons&eacute;rvalos por m&aacute;s tiempo.</span></li>\r\n<li><span style=\"color: #777777;\">Adem&aacute;s ayuda a mantener tu heladera m&aacute;s ordenado y a optimiza espacios.&nbsp;</span></li>\r\n</ul>\r\n<div><strong><span style=\"color: #777777;\">DISE&Ntilde;O</span></strong></div>\r\n<ul>\r\n<li><span style=\"color: #777777;\">El dise&ntilde;o de la base en forma de diamante permite conservar perfectamente el alimento sin moverse de lugar.&nbsp;</span></li>\r\n</ul>\r\n<div><strong><span style=\"color: #777777;\">CAPACIDAD</span></strong></div>\r\n<ul>\r\n<li><span style=\"color: #777777;\">Capacidad 8 a 10 salchichas</span></li>\r\n</ul>\r\n<div>&nbsp;<br /><br /></div>', '2022-11-17 23:56:00', NULL, 'S', NULL, 'http://admin-web-tupper.com/public/img/galeria/salchifresca-2.jpg', '', '', NULL),
(48, 3, 'Refrifresh', 'refrifresh', 'http://admin-web-tupper.com/public/img/galeria/refri-fresh-1.jpg', '', '<div>\r\n<div><strong><span style=\"color: #777777;\">BENEFICIOS Y &Uacute;TILIDADES</span></strong></div>\r\n<ul>\r\n<li><span style=\"color: #777777;\">Es muy com&uacute;n tener en casa alimentos que requieren refrigeraci&oacute;n ya sea frutas, verduras o los poquitos que nos quedan de la comida y saber conservarlos nos garantizar&aacute; no solo ahorro de dinero sino de tiempo.&nbsp;</span></li>\r\n<li><span style=\"color: #777777;\">Es por ello que Tupperware&reg; se ha preocupado por desarrollar diferentes recipientes que cubran nuestras necesidades de almacenamiento en forma y tama&ntilde;o.</span></li>\r\n<li><span style=\"color: #777777;\">Los Refrifresh es una l&iacute;nea para heladera que te permite no s&oacute;lo conservar tus alimentos perfectamente sino transportarlos sin peligro de derrames gracias a su sello herm&eacute;tico que impide escurrimientos pero adem&aacute;s la entrada de agua y aire por lo que tambi&eacute;n conserva en perfecto estado alimentos secos</span></li>\r\n<li><span style=\"color: #777777;\">Son perfectos para comida, frutas, verduras y productos que requieren almacenamiento para conservar su frescura y consistencia.</span></li>\r\n</ul>\r\n<div><span style=\"color: #777777;\"><strong>&nbsp;DISE&Ntilde;O</strong></span></div>\r\n<ul>\r\n<li><span style=\"color: #777777;\">Sellos rectangulares translucidos con banda integrada en el contorno altamente flexible para garantizar su hermeticidad.</span></li>\r\n<li><span style=\"color: #777777;\">Material r&iacute;gido trasl&uacute;cido con gran resistencia.</span></li>\r\n<li><span style=\"color: #777777;\">&nbsp;Ventana pulida en sello que permite ver el contenido.&nbsp;</span></li>\r\n<li><span style=\"color: #777777;\">Dise&ntilde;o en base y sello que ayuda a apilarlos para ahorrar espacio en la heladera o alacena.</span></li>\r\n</ul>\r\n<div><span style=\"color: #777777;\"><strong>CAPACIDAD</strong></span></div>\r\n<ul>\r\n<li><span style=\"color: #777777;\">Refrifresh # 1 &nbsp; &nbsp;500ml</span></li>\r\n<li><span style=\"color: #777777;\">Refrifresh # 2 &nbsp; &nbsp;1.3 lt &nbsp;</span></li>\r\n<li><span style=\"color: #777777;\">Refrifresh # 3 &nbsp; &nbsp; 2 L</span></li>\r\n</ul>\r\n</div>', '2022-11-18 00:03:00', NULL, 'S', NULL, 'http://admin-web-tupper.com/public/img/galeria/refri-fresh-2.jpg', 'http://admin-web-tupper.com/public/img/galeria/refri-fresh-3.jpg', 'http://admin-web-tupper.com/public/img/galeria/refri-fresh-4.jpg', NULL),
(49, 3, 'Porta Tarta', 'porta-tarta', 'http://admin-web-tupper.com/public/img/galeria/porta-tarta-1.jpg', '', '<div><strong><span style=\"color: #777777;\">BENEFICIOS Y UTILIDADES</span></strong></div>\r\n<ul>\r\n<li><span style=\"color: #777777;\">Gran capacidad, incre&iacute;ble color.&nbsp;</span></li>\r\n<li><span style=\"color: #777777;\">Prepara tus comidas con anticipaci&oacute;n y cons&eacute;rvalas en tu Porta Tarta, adem&aacute;s su sello cl&aacute;sico redondo lo hace perfecto para transportar sin ning&uacute;n problema tus alimentos.&nbsp;</span></li>\r\n<li><span style=\"color: #777777;\">Facilitan su transportaci&oacute;n y conservan por m&aacute;s tiempo los alimentos. &nbsp;</span></li>\r\n</ul>\r\n<div><strong><span style=\"color: #777777;\">DISE&Ntilde;O</span></strong></div>\r\n<ul>\r\n<li><span style=\"color: #777777;\">Su material es traslucido y permite ver el contenido y la cantidad del alimento almacenado sin tener que retirar el sello.</span></li>\r\n<li><span style=\"color: #777777;\">Dise&ntilde;ado para almacenar gran capacidad de alimentos.</span></li>\r\n</ul>\r\n<div><span style=\"color: #777777;\"><strong>CAPACIDAD</strong> </span></div>\r\n<ul>\r\n<li><span style=\"color: #777777;\">&nbsp; &nbsp; 4 L.</span></li>\r\n</ul>\r\n<div>&nbsp;</div>', '2022-11-18 00:11:00', NULL, 'S', NULL, 'http://admin-web-tupper.com/public/img/galeria/porta-tarta-2.jpg', 'http://admin-web-tupper.com/public/img/galeria/porta-tarta-3.jpg', '', NULL),
(50, 2, 'Picolera', 'picolera', 'http://admin-web-tupper.com/public/img/galeria/picolera-1.jpg', '', '<div><strong><span style=\"color: #777777;\">BENEFICIOS Y UTILIDADES&nbsp;</span></strong></div>\r\n<ul>\r\n<li><span style=\"color: #777777;\">Set completo para hacer picol&eacute; que te permite moldear los picoles en forma tradicional, su material flexible facilita su r&aacute;pida congelaci&oacute;n, se desmoldan f&aacute;cilmente e incluye postes con asa para sostener de forma c&oacute;moda los picol&eacute;, su bandeja ayuda a almacenar de forma vertical y estable los moldes.&nbsp;</span></li>\r\n<li><span style=\"color: #777777;\">Producto garantizado para peque&ntilde;os de 36 meses en adelante.</span></li>\r\n<li><span style=\"color: #777777;\">Elabora tus propios picoles a tus ni&ntilde;os de fruta fresca de manera higi&eacute;nica y deliciosa en &eacute;poca de calor.</span></li>\r\n</ul>\r\n<div><strong><span style=\"color: #777777;\">DISE&Ntilde;O</span></strong></div>\r\n<ul>\r\n<li><span style=\"color: #777777;\">Base ligera y flexible que garantiza desmoldar con facilidad el picol&eacute;.</span></li>\r\n</ul>\r\n<div><strong><span style=\"color: #777777;\">CONTIENE</span></strong></div>\r\n<ul>\r\n<li><span style=\"color: #777777;\">1 Bandeja</span></li>\r\n<li><span style=\"color: #777777;\">6 Picoleras</span></li>\r\n</ul>\r\n<div>&nbsp;</div>', '2022-11-19 08:32:00', NULL, 'S', NULL, 'http://admin-web-tupper.com/public/img/galeria/picolera-2.jpg', '', '', NULL),
(51, 2, 'Cubeta para hielo triangular', 'cubeta-para-hielo-triangular', 'http://admin-web-tupper.com/public/img/galeria/cubeta-1.jpg', '', '<div><strong>BENEFICIOS Y UTILIDADES</strong></div>\r\n<ul>\r\n<li>Ideales para crear nuevas formas de hielo.</li>\r\n<li>Son apilables permiten ahorrar espacio en el freeezer.</li>\r\n</ul>\r\n<div><strong>DISE&Ntilde;O</strong></div>\r\n<ul>\r\n<li>Su dise&ntilde;o posee unos cubos de forma triangular.&nbsp;</li>\r\n</ul>\r\n<div><strong>CAPACIDAD </strong>&nbsp;</div>\r\n<ul>\r\n<li>8 cubos</li>\r\n</ul>\r\n<div>&nbsp;</div>\r\n<div>&nbsp;</div>', '2022-11-19 08:39:00', NULL, 'S', NULL, 'http://admin-web-tupper.com/public/img/galeria/cubeta-2.jpg', 'http://admin-web-tupper.com/public/img/galeria/cubeta-3.jpg', 'http://admin-web-tupper.com/public/img/galeria/cubeta-4.jpg', NULL),
(52, 6, 'Pasta maker', 'pasta-maker', 'http://admin-web-tupper.com/public/img/galeria/Pasta-balance-1.jpg', '', '<div><strong><span style=\"color: #777777;\">BENEFICIOS Y UTILIDADES</span></strong></div>\r\n<ul>\r\n<li><span style=\"color: #777777;\">Cocina en el microondas una rica pasta s&oacute;lo en minutos. En la parte superior tiene unas hendiduras las cuales sirven para vaciar el agua excedente. Simplemente alinea la flecha de la tapa con las hendiduras y escurre el agua de la pasta una vez est&eacute; lista sin que caiga o se pierda la misma.&nbsp;</span></li>\r\n<li><span style=\"color: #777777;\">Ahorra tiempo, energ&iacute;a y espacio en la cocina.</span></li>\r\n<li><span style=\"color: #777777;\">El n&uacute;mero de porciones para agregar pasta est&aacute; se&ntilde;alado en el producto con una l&iacute;nea recta dentro de la base del Pasta Maker.</span></li>\r\n<li><span style=\"color: #777777;\">Cuenta con marcas en su parte interior lateral que muestra el tope del agua seg&uacute;n las porciones de pasta que desee cocinar. &nbsp;</span></li>\r\n<li><span style=\"color: #777777;\">De igual forma &nbsp;los niveles del agua est&aacute;n indicados por l&iacute;neas, onduladas en el recipiente.</span></li>\r\n<li><span style=\"color: #777777;\">Las instrucciones b&aacute;sicas para preparar la pasta se encuentran grabadas en la tapa.</span></li>\r\n</ul>\r\n<div><strong><span style=\"color: #777777;\">DISE&Ntilde;O&nbsp;</span></strong></div>\r\n<ul>\r\n<li><span style=\"color: #777777;\">Recipiente rectangular compuesto de una base y tapa con colador.</span></li>\r\n<li><span style=\"color: #777777;\">Material r&iacute;gido trasl&uacute;cido con gran resistencia.</span></li>\r\n</ul>\r\n<div><span style=\"color: #777777;\"><strong>Consta de 2 partes</strong>:&nbsp; </span><span style=\"color: #777777;\">Base y tapa.</span></div>\r\n<div>&nbsp;</div>\r\n<div><span style=\"color: #777777;\"><strong>CAPACIDADES</strong> </span></div>\r\n<ul>\r\n<li><span style=\"color: #777777;\">&nbsp; 1, 9 litros (6 porciones de pasta)</span></li>\r\n</ul>\r\n<div>&nbsp;</div>', '2022-11-19 09:09:00', NULL, 'S', NULL, 'http://admin-web-tupper.com/public/img/galeria/Pasta-balance-2.jpg', 'http://admin-web-tupper.com/public/img/galeria/Pasta-balance-3.jpg', 'http://admin-web-tupper.com/public/img/galeria/Pasta-balance-4.jpg', NULL),
(53, 6, 'Molde micro plus savarin', 'molde-micro-plus-savarin', 'http://admin-web-tupper.com/public/img/galeria/molde-micro-plus-savarin-1.jpg', '', '<div><strong><span style=\"color: #777777;\">BENEFICIOS Y UTILIDADES&nbsp;</span></strong></div>\r\n<ul>\r\n<li><span style=\"color: #777777;\">Micro Plus Savar&iacute;n es una l&iacute;nea de recipientes irrompibles, recalentables en el Microondas que te permiten cocinar de una manera f&aacute;cil y r&aacute;pida, ahorrando valioso tiempo y energ&iacute;a el&eacute;ctrica.&nbsp;</span></li>\r\n<li><span style=\"color: #777777;\">Los recipientes son transparentes, permiti&eacute;ndote ver el interior.&nbsp;</span></li>\r\n<li><span style=\"color: #777777;\">Las asas texturizadas no se calientan y permiten sujetarlas con seguridad.&nbsp;</span></li>\r\n<li><span style=\"color: #777777;\">Con la vista perfecta que le da el policarbonato.</span></li>\r\n</ul>\r\n<div><strong><span style=\"color: #777777;\">DISE&Ntilde;O</span></strong></div>\r\n<ul>\r\n<li><span style=\"color: #777777;\">Su dise&ntilde;o permite que todo lo que cocinas luzca muy atractivo por su terminado ondulado en el borde. &nbsp;</span></li>\r\n<li><span style=\"color: #777777;\">Textura lisa por dentro que facilita el desmolde si lo que cocinaste as&iacute; lo requiere.&nbsp;</span></li>\r\n<li><span style=\"color: #777777;\">Los recipientes de Micro Plus Savar&iacute;n son irrompibles y est&aacute;n hechos para soportar las temperaturas del horno de microondas.</span></li>\r\n</ul>\r\n<div><strong><span style=\"color: #777777;\">CAPACIDADES</span></strong></div>\r\n<ul>\r\n<li><span style=\"color: #777777;\">Micro Plus Savar&iacute;n &nbsp; &nbsp; &nbsp;</span><span style=\"color: #777777;\"> &nbsp; &nbsp; &nbsp; &nbsp; &nbsp; &nbsp; &nbsp; &nbsp; &nbsp; &nbsp; &nbsp; &nbsp; &nbsp; &nbsp; &nbsp; 3 L</span></li>\r\n<li><span style=\"color: #777777;\">Molde Micro Plus &nbsp; &nbsp; &nbsp; &nbsp; &nbsp; &nbsp; &nbsp; &nbsp; &nbsp; &nbsp; &nbsp; &nbsp; &nbsp; &nbsp; &nbsp; &nbsp; &nbsp; &nbsp; &nbsp; 1.7 L</span></li>\r\n</ul>', '2022-11-19 09:48:00', NULL, 'S', NULL, 'http://admin-web-tupper.com/public/img/galeria/molde-micro-plus-savarin-2.jpg', 'http://admin-web-tupper.com/public/img/galeria/molde-micro-plus-savarin-3.jpg', '', NULL),
(54, 6, 'Mega cristal flash', 'mega-cristal-flash', 'http://admin-web-tupper.com/public/img/galeria/mega-cristal-flash-1.jpg', '', '<div><strong><span style=\"color: #777777;\">BENEFICIOS Y UTILIDADES&nbsp;</span></strong></div>\r\n<ul>\r\n<li><span style=\"color: #777777;\">En esta l&iacute;nea puedes guardar, calentar en horno de microondas, servir y transportar en el mismo recipiente cualquier alimento.</span></li>\r\n<li><span style=\"color: #777777;\">Su v&aacute;lvula especial elimina el exceso de vapor al calentar, simplemente se abre la v&aacute;lvula y se mete al microondas.</span></li>\r\n<li><span style=\"color: #777777;\">Se puede usar perfectamente sellado dentro de la heladera.</span></li>\r\n<li><span style=\"color: #777777;\">&nbsp;Su sello cierra herm&eacute;ticamente al dejar la v&aacute;lvula abierta y evita salpicar tu horno de microondas.</span></li>\r\n<li><span style=\"color: #777777;\">Impide que se reseque el alimento dentro del horno o la heladera.</span></li>\r\n<li><span style=\"color: #777777;\">Material r&iacute;gido, espec&iacute;fico para microondas.</span></li>\r\n</ul>\r\n<div><br /><strong><span style=\"color: #777777;\">DISE&Ntilde;O</span></strong></div>\r\n<ul>\r\n<li><span style=\"color: #777777;\">Consta de 3 partes: Recipiente, cestillo y sello.</span></li>\r\n<li><span style=\"color: #777777;\">Con sistema exclusivo de ventilaci&oacute;n que proporciona una ventaja &uacute;nica al calentar en forma pareja los alimentos sin necesidad de retirar el sello.</span></li>\r\n<li><span style=\"color: #777777;\">Sus ventanas laterales permiten observar el contenido sin necesidad de retirar el sello.</span></li>\r\n<li><span style=\"color: #777777;\">Soportes especiales en la parte inferior para evitar que el agua se condense en su base permitiendo que las ondas de microondas circulen libremente.</span></li>\r\n</ul>\r\n<div><span style=\"color: #777777;\"><strong>CAPACIDAD </strong></span></div>\r\n<ul>\r\n<li><span style=\"color: #777777;\">&nbsp;4Lts.</span></li>\r\n</ul>\r\n<div>&nbsp;</div>', '2022-11-19 09:57:00', NULL, 'S', NULL, 'http://admin-web-tupper.com/public/img/galeria/mega-cristal-flash-2.jpg', 'http://admin-web-tupper.com/public/img/galeria/mega-cristal-flash-3.jpg', '', NULL),
(55, 5, 'Tupper keka', 'tupper-keka', 'http://admin-web-tupper.com/public/img/galeria/tupper-keka.jpg', '', '<div><strong><span style=\"color: #777777;\">BENEFICIOS Y UTILIDADES &nbsp; &nbsp;</span></strong></div>\r\n<ul>\r\n<li><span style=\"color: #777777;\">Divi&eacute;rtete, Alim&eacute;ntate y disfruta de tu lunch. Ideal para tus tortillas, s&aacute;ndwich, etc. Ll&eacute;nalo con lo que t&uacute; quieras se creativa y deja que los peque&ntilde;os disfruten de sus recreos.&nbsp;</span></li>\r\n</ul>\r\n<div><strong><span style=\"color: #777777;\">DISE&Ntilde;O</span></strong></div>\r\n<ul>\r\n<li><span style=\"color: #777777;\">Producto indeformable, puedes lavarlo en lavavajillas sin problema alguno.</span></li>\r\n<li><span style=\"color: #777777;\">Broche que te facilitar&aacute; abrir y cerrar el recipiente.</span></li>\r\n<li><span style=\"color: #777777;\">F&aacute;cil de llevar, guardar y transportar.</span></li>\r\n</ul>\r\n<div><span style=\"color: #777777;\"><strong>MEDIDAS</strong></span></div>\r\n<ul>\r\n<li><span style=\"color: #777777;\"> 18.2x10.5x3.5cms</span></li>\r\n</ul>\r\n<div>&nbsp;</div>', '2022-11-19 10:04:00', NULL, 'S', NULL, 'http://admin-web-tupper.com/public/img/galeria/tupper-keka-2.jpg', 'http://admin-web-tupper.com/public/img/galeria/tupper-keka-3.jpg', '', NULL),
(56, 5, 'Tupper Deli', 'tupper-deli', 'http://admin-web-tupper.com/public/img/galeria/Tupper-deli-1.jpg', '', '<div><span style=\"color: #777777;\"><strong>BENEFICIOS Y UTILIDADES</strong></span></div>\r\n<ul>\r\n<li><span style=\"color: #777777;\">Por su dise&ntilde;o es muy pr&aacute;ctico para transportar tu hot &nbsp;dog y disfrutarlos donde m&aacute;s quieras en la escuela, oficina, gimnasio, etc.&nbsp;</span></li>\r\n<li><span style=\"color: #777777;\">Creado en una sola pieza con sistema bisagra, no corre riesgo de abrirse. Adem&aacute;s posee una porta salsas en la parte superior para trasladar tus aderezos preferidos.&nbsp;</span></li>\r\n<li><span style=\"color: #777777;\">Su tama&ntilde;o y forma permite utilizarlos dentro de una mochila, bolsa o portafolios, c&oacute;modamente puedes llevar tu lunch a la escuela, oficina, al gimnasio etc.</span></li>\r\n<li><span style=\"color: #777777;\">Colores muy atractivos tanto para ni&ntilde;os como adultos.</span></li>\r\n<li><span style=\"color: #777777;\">Mantiene tus hot dog frescos y evita que se pegue las servilletas de papel o cualquier otro empaque que utilices.</span></li>\r\n<li><span style=\"color: #777777;\">Cuenta con &nbsp;material r&iacute;gido de alta densidad haciendo que este sea resistente a rayaduras.</span></li>\r\n</ul>\r\n<div><span style=\"color: #777777;\"><strong>DISE&Ntilde;O</strong></span></div>\r\n<ul>\r\n<li><span style=\"color: #777777;\">Recipiente, con dise&ntilde;o ideal para un hot dog entero y con potecito para salsa.&nbsp;</span></li>\r\n</ul>\r\n<div><span style=\"color: #777777;\"><strong>CAPACIDAD</strong></span></div>\r\n<ul>\r\n<li><span style=\"color: #777777;\">MEDIDAS: 17x5.5x7.3cm.&nbsp;</span></li>\r\n</ul>\r\n<div>&nbsp;</div>', '2022-11-19 10:12:00', NULL, 'S', NULL, 'http://admin-web-tupper.com/public/img/galeria/Tupper-deli-2.jpg', 'http://admin-web-tupper.com/public/img/galeria/Tupper-deli-3.jpg', '', NULL),
(57, 5, 'Practivianda', 'practivianda', 'http://admin-web-tupper.com/public/img/galeria/Practivianda-1.jpg', '', '<div><strong><span style=\"color: #777777;\">BENEFICIOS Y UTILIDADES</span></strong></div>\r\n<ul>\r\n<li><span style=\"color: #777777;\">El sistema perfecto para los d&iacute;as de clases.</span></li>\r\n<li><span style=\"color: #777777;\">Ideales para llevar y conservar t&uacute; lunch y disfrutarlos cuando t&uacute; quieras.</span></li>\r\n<li><span style=\"color: #777777;\">Con un espacio especial para transportar los cubiertos c&oacute;modamente o una barra de cereal.</span></li>\r\n<li><span style=\"color: #777777;\">Incluye cubiertos.</span></li>\r\n</ul>\r\n<div><strong><span style=\"color: #777777;\">DISE&Ntilde;O</span></strong></div>\r\n<ul>\r\n<li><span style=\"color: #777777;\">Sello tipo monedero con bisagra.&nbsp;</span></li>\r\n<li><span style=\"color: #777777;\">&iexcl;No m&aacute;s sellos perdidos!</span></li>\r\n</ul>\r\n<div><span style=\"color: #777777;\"><strong>CAPACIDAD</strong> </span></div>\r\n<ul>\r\n<li><span style=\"color: #777777;\">160 ml y 240 ml, incluye cubiertos</span></li>\r\n</ul>\r\n<div>&nbsp;</div>', '2022-11-19 11:20:00', NULL, 'S', NULL, 'http://admin-web-tupper.com/public/img/galeria/Practivianda-2.jpg', 'http://admin-web-tupper.com/public/img/galeria/Practivianda-3.jpg', '', NULL),
(58, 5, 'Practilunch', 'practilunch', 'http://admin-web-tupper.com/public/img/galeria/Practilunch-1.jpg', '', '<div><strong><span style=\"color: #777777;\">BENEFICIOS Y UTILIDADES</span></strong></div>\r\n<ul>\r\n<li><span style=\"color: #777777;\">Ideal para llevar la vianda al colegio.</span></li>\r\n<li><span style=\"color: #777777;\">Permite transportar alimentos s&oacute;lidos de forma segura.&nbsp;</span></li>\r\n<li><span style=\"color: #777777;\">El Practilunch busca cubrir principalmente las necesidades de conservaci&oacute;n y transporte de alimentos de los ni&ntilde;os y j&oacute;venes en edad escolar, ya que sus padres tendr&aacute;n la certeza de que sus alimentos mantendr&aacute;n sus propiedades nutritivas y de sabor.</span></li>\r\n</ul>\r\n<div><strong><span style=\"color: #777777;\">DISE&Ntilde;O</span></strong></div>\r\n<ul>\r\n<li><span style=\"color: #777777;\">Con una divisi&oacute;n interna para que los alimentos no se mezclen.</span></li>\r\n</ul>\r\n<div><span style=\"color: #777777;\"><strong>CAPACIDAD</strong> &nbsp;</span></div>\r\n<ul>\r\n<li><span style=\"color: #777777;\">2 divisiones: 150ml, 200ml</span></li>\r\n</ul>\r\n<div>&nbsp;</div>', '2022-11-19 11:30:00', NULL, 'S', NULL, 'http://admin-web-tupper.com/public/img/galeria/Practilunch-2.jpg', 'http://admin-web-tupper.com/public/img/galeria/Practilunch-3.jpg', '', NULL),
(59, 5, 'Practibox', 'practibox', 'http://admin-web-tupper.com/public/img/galeria/Practibox.jpg', '', '<div><span style=\"color: #777777;\"><strong>BENEFICIOS Y UTILIDADES </strong>&nbsp;</span></div>\r\n<ul>\r\n<li><span style=\"color: #777777;\">Dentro del recipiente podr&aacute;s guardar una torta o cualquier otro alimento que desees seg&uacute;n tus costumbres alimenticias.&nbsp;</span></li>\r\n<li><span style=\"color: #777777;\">Cuenta con &nbsp;material r&iacute;gido haciendo que este sea resistente a rayaduras.&nbsp;</span></li>\r\n<li><span style=\"color: #777777;\">El Practibox es pr&aacute;ctico, requiere de poco espacio para su almacenamiento.&nbsp;</span></li>\r\n<li><span style=\"color: #777777;\">Te permitir&aacute; guardar y llevar tus alimentos en tu maleta sin correr el riesgo de aplastarlos.</span></li>\r\n<li><span style=\"color: #777777;\">&nbsp;A&iacute;sla los alimentos del medio ambiente al cerrar completamente, es ideal para llevar al colegio, oficina o club.</span></li>\r\n<li><span style=\"color: #777777;\">Cuenta con &nbsp;material r&iacute;gido de alta densidad haciendo que este sea resistente a rayaduras.</span></li>\r\n</ul>\r\n<div><strong><span style=\"color: #777777;\">DISE&Ntilde;O</span></strong></div>\r\n<ul>\r\n<li><span style=\"color: #777777;\">Recipiente, con dise&ntilde;o rectangular y compacto.</span></li>\r\n</ul>\r\n<div><strong><span style=\"color: #777777;\">MEDIDAS</span></strong></div>\r\n<ul>\r\n<li><span style=\"color: #777777;\">Ancho &nbsp;8 cm</span></li>\r\n<li><span style=\"color: #777777;\">Largo &nbsp;18.5 cm</span></li>\r\n<li><span style=\"color: #777777;\">Alto &nbsp; &nbsp; 7 cm</span></li>\r\n</ul>\r\n<div>&nbsp;</div>', '2022-11-19 11:49:00', NULL, 'S', NULL, 'http://admin-web-tupper.com/public/img/galeria/Practibox-2.jpg', 'http://admin-web-tupper.com/public/img/galeria/Practibox-3.jpg', '', NULL),
(60, 5, 'Nutri Lunch', 'nutri-lunch', 'http://admin-web-tupper.com/public/img/galeria/nutri-lunch-1.jpg', '', '<div><strong><span style=\"color: #777777;\">BENEFICIOS Y UTILIDADES</span></strong></div>\r\n<ul>\r\n<li><span style=\"color: #777777;\">Transporta todo lo que necesites con seguridad.</span></li>\r\n<li><span style=\"color: #777777;\">Divi&eacute;rtete, Alim&eacute;ntate y disfruta de tu lunch. Ll&eacute;nalo con lo que quieras frutas, cereales, galletas y queso.</span></li>\r\n<li><span style=\"color: #777777;\">Cuenta con 2 compartimentos para transportar 2 alimentos en el mismo recipiente.</span></li>\r\n</ul>\r\n<div><strong><span style=\"color: #777777;\">DISE&Ntilde;O</span></strong></div>\r\n<ul>\r\n<li><span style=\"color: #777777;\">Dise&ntilde;o en forma de 8 con roche que te facilitar&aacute; abrir y cerrar el recipiente.</span></li>\r\n<li><span style=\"color: #777777;\">Material resistente, puedes lavarlo en lavavajillas sin problema alguno.</span></li>\r\n<li><span style=\"color: #777777;\">F&aacute;cil de llevar, guardar y transportar.</span></li>\r\n</ul>\r\n<div><span style=\"color: #777777;\"><strong>MEDIDAS:</strong> </span></div>\r\n<ul>\r\n<li><span style=\"color: #777777;\">&nbsp;14.2 X 9.8 X 6.6cm</span></li>\r\n</ul>\r\n<div>&nbsp;</div>', '2022-11-19 12:01:00', NULL, 'S', NULL, 'http://admin-web-tupper.com/public/img/galeria/nutri-lunch-2.jpg', 'http://admin-web-tupper.com/public/img/galeria/nutri-lunch-3.jpg', '', NULL),
(61, 5, 'Porta sandwich redondo', 'porta-sandwich-redondo', 'http://admin-web-tupper.com/public/img/galeria/portasandwich-redondo-1.jpg', '', '<div><strong><span style=\"color: #777777;\">BENEFICIOS Y UTILIDADES</span></strong></div>\r\n<ul>\r\n<li><span style=\"color: #777777;\">Por su dise&ntilde;o compacto es muy pr&aacute;ctico para transportar tus s&aacute;ndwiches redondos y disfrutarlos donde m&aacute;s quieras a la escuela, oficina, gimnasio, etc.</span></li>\r\n<li><span style=\"color: #777777;\">Creado en una sola pieza con sistema bisagra, no corre riesgo de abrirse. Adem&aacute;s posee una porta salsas en la parte superior para trasladar tus aderezos preferidos.&nbsp;</span></li>\r\n<li><span style=\"color: #777777;\">&nbsp;Su tama&ntilde;o y forma permite utilizarlos dentro de una mochila, bolsa o portafolios, c&oacute;modamente puedes llevar tu lunch a la escuela, oficina, al gimnasio etc.</span></li>\r\n<li><span style=\"color: #777777;\">Colores muy atractivos tanto para ni&ntilde;os como adultos.</span></li>\r\n<li><span style=\"color: #777777;\">Mantiene los s&aacute;ndwiches frescos para que los disfrutes al m&aacute;ximo!</span></li>\r\n</ul>\r\n<div><strong><span style=\"color: #777777;\">DISE&Ntilde;O</span></strong></div>\r\n<ul>\r\n<li><span style=\"color: #777777;\">Recipiente, con dise&ntilde;o redondo y compacto con potecito para salsa.&nbsp;</span></li>\r\n<li><span style=\"color: #777777;\">Cuenta con &nbsp;material r&iacute;gido de alta densidad haciendo que este sea resistente a ralladuras.</span></li>\r\n</ul>\r\n<div><span style=\"color: #777777;\"><strong>CAPACIDAD</strong></span></div>\r\n<ul>\r\n<li><span style=\"color: #777777;\"><strong> &nbsp;</strong>250 ml.</span></li>\r\n</ul>\r\n<div>&nbsp;</div>', '2022-11-19 13:06:00', NULL, 'S', NULL, 'http://admin-web-tupper.com/public/img/galeria/portasandwich-redondo-2.jpg', 'http://admin-web-tupper.com/public/img/galeria/portasandwich-redondo-3.jpg', '', NULL),
(62, 5, 'Porta lunch', 'porta-lunch', 'http://admin-web-tupper.com/public/img/galeria/mini-porta-lunch-2.jpg', '', '<div><strong><span style=\"color: #777777;\">BENEFICIOS Y UTILIDADES</span></strong></div>\r\n<ul>\r\n<li><span style=\"color: #777777;\">Un buen compa&ntilde;ero</span></li>\r\n<li><span style=\"color: #777777;\">Es un producto ideal para la merienda o almuerzo de los ni&ntilde;os y adultos en la escuela y oficina.</span></li>\r\n<li><span style=\"color: #777777;\">Se puede preparar y colocar all&iacute; mismo la vianda y mantenerla en la heladera hasta el momento de partir.</span></li>\r\n<li><span style=\"color: #777777;\">&nbsp;En el verano es una caja ideal para llevar a la playa o al club con cosm&eacute;ticos, c&aacute;mara de fotos, juegos, etc.</span></li>\r\n<li><span style=\"color: #777777;\">Los ni&ntilde;os podr&aacute;n reconocer la suya coloc&aacute;ndoles su calcoman&iacute;a preferida.</span></li>\r\n</ul>\r\n<div><strong><span style=\"color: #777777;\">DISE&Ntilde;O</span></strong></div>\r\n<ul>\r\n<li><span style=\"color: #777777;\">Su base de alta densidad, r&iacute;gida es rugosa por fuera y lisa por dentro.</span></li>\r\n<li><span style=\"color: #777777;\">Su sello de baja densidad, blando tiene forma levantada, lo que le d&aacute; m&aacute;s capacidad.</span></li>\r\n<li><span style=\"color: #777777;\">Tiene un asa removible que calza debajo del reborde de la base cuyas manijas se ajustan unas contra otras haci&eacute;ndolo f&aacute;cil de transportar.</span></li>\r\n</ul>\r\n<div>&nbsp;</div>', '2022-11-19 13:52:00', NULL, 'S', NULL, 'http://admin-web-tupper.com/public/img/galeria/mini-porta-lunch-2.jpg', 'http://admin-web-tupper.com/public/img/galeria/mini-porta-lunch-3.jpg', '', NULL),
(63, 5, 'Manzana Tupperware', 'manzana-tupperware', 'http://admin-web-tupper.com/public/img/galeria/Manzana-1.jpg', '', '<div><strong><span style=\"color: #777777;\">BENEFICIOS Y UTILIDADES&nbsp;</span></strong></div>\r\n<ul>\r\n<li><span style=\"color: #777777;\">La Manzana es pr&aacute;ctica, requiere de poco espacio para su almacenamiento.&nbsp;</span></li>\r\n<li><span style=\"color: #777777;\">Lleva tu lunch en la maleta o mochila sin correr riesgos, te permitir&aacute; guardar y llevar una manzana, pera o hasta duraznos, naranjas, mandarinas o ciruelas sin el temor de aplastar o derramar tu sano snack del d&iacute;a.&nbsp;</span></li>\r\n<li><span style=\"color: #777777;\">&nbsp;Adem&aacute;s podemos utilizarlo en d&iacute;as de campo, en la oficina, en la escuela, etc.</span></li>\r\n<li><span style=\"color: #777777;\">El hecho de ser una sola pieza, no correr&aacute;s el riesgo de perder el sello o el recipiente.</span></li>\r\n<li><span style=\"color: #777777;\">Producto indeformable, puedes lavarlo en lavavajillas sin problema alguno.</span></li>\r\n<li><span style=\"color: #777777;\">Broche que te facilitar&aacute; abrir el recipiente.</span></li>\r\n<li><span style=\"color: #777777;\">Recipiente elaborado en material r&iacute;gido.</span></li>\r\n</ul>\r\n<div><strong><span style=\"color: #777777;\">DISE&Ntilde;O</span></strong></div>\r\n<ul>\r\n<li><span style=\"color: #777777;\">Manzana lisa con tapa abre f&aacute;cil.</span></li>\r\n</ul>\r\n<div><span style=\"color: #777777;\"><strong>CAPACIDAD </strong>&nbsp; &nbsp; &nbsp; &nbsp; &nbsp;</span></div>\r\n<ul>\r\n<li><span style=\"color: #777777;\">250ml&nbsp;</span></li>\r\n</ul>\r\n<div>&nbsp;</div>', '2022-11-19 14:11:00', NULL, 'S', NULL, 'http://admin-web-tupper.com/public/img/galeria/Manzana-2.jpg', 'http://admin-web-tupper.com/public/img/galeria/Manzana-3.jpg', '', NULL),
(64, 5, 'Eco Lunch', 'eco-lunch', 'http://admin-web-tupper.com/public/img/galeria/Eco-lunch-1.jpg', '', '<div><strong><span style=\"color: #777777;\">BENEFICIOS Y UTILIDADES</span></strong></div>\r\n<ul>\r\n<li><span style=\"color: #777777;\">Una caja con 3 practicas divisiones para balancear diferentes tipos de alimentos y tener una alimentaci&oacute;n saludable.</span></li>\r\n<li><span style=\"color: #777777;\">Ap&iacute;lalos en t&uacute; heladera.</span></li>\r\n</ul>\r\n<div><strong><span style=\"color: #777777;\">DISE&Ntilde;O</span></strong></div>\r\n<ul>\r\n<li><span style=\"color: #777777;\">El sello y el recipiente cuentan con una pesta&ntilde;a para abrirse con facilidad.</span></li>\r\n</ul>\r\n<div><span style=\"color: #777777;\"><strong>CAPACIDAD:</strong></span></div>\r\n<ul>\r\n<li><span style=\"color: #777777;\"> 550ml&nbsp;</span></li>\r\n</ul>\r\n<div>&nbsp;</div>', '2022-11-19 14:18:00', NULL, 'S', NULL, 'http://admin-web-tupper.com/public/img/galeria/Eco-lunch-2.jpg', 'http://admin-web-tupper.com/public/img/galeria/Eco-lunch-3.jpg', 'http://admin-web-tupper.com/public/img/galeria/Eco-lunch-4.jpg', NULL),
(65, 5, 'Diverti Uvas', 'diverti-uvas', 'http://admin-web-tupper.com/public/img/galeria/Diverti-uvas-1.jpg', '', '<div>\r\n<div><span style=\"color: #777777;\"><strong>BENEFICIOS Y UTILIDADES</strong></span></div>\r\n<ul>\r\n<li><span style=\"color: #777777;\">Por su dise&ntilde;o en forma de uva es muy pr&aacute;ctico para transportar, mantener tus deliciosas frutas frescas, a la escuela, oficina, gimnasio, etc.&nbsp;</span></li>\r\n<li><span style=\"color: #777777;\">&nbsp;Su tama&ntilde;o y forma permite utilizarlos dentro de una mochila, bolsa o portafolios, c&oacute;modamente puedes llevar tu lunch a la escuela, oficina, al gimnasio etc.</span></li>\r\n<li><span style=\"color: #777777;\">Colores muy atractivos tanto para ni&ntilde;os como adultos.</span></li>\r\n<li><span style=\"color: #777777;\">Cuenta con &nbsp;material r&iacute;gido de alta densidad haciendo que este sea resistente a rayaduras.</span></li>\r\n</ul>\r\n<div><span style=\"color: #777777;\"><strong>DISE&Ntilde;O</strong> &nbsp; &nbsp; &nbsp; &nbsp; &nbsp; &nbsp; &nbsp; &nbsp; &nbsp; &nbsp;</span></div>\r\n<ul>\r\n<li><span style=\"color: #777777;\">Recipiente, con dise&ntilde;o forma de uva.</span></li>\r\n<li><span style=\"color: #777777;\">Broche tipo monedero se levanta hacia arriba con un simple movimiento de dedos.</span></li>\r\n</ul>\r\n<div><span style=\"color: #777777;\"><strong>CAPACIDAD</strong></span></div>\r\n<ul>\r\n<li><span style=\"color: #777777;\"> 260ml&nbsp;</span></li>\r\n</ul>\r\n<div>&nbsp;</div>\r\n</div>', '2022-11-19 14:27:00', NULL, 'S', NULL, 'http://admin-web-tupper.com/public/img/galeria/Diverti-uvas-2.jpg', 'http://admin-web-tupper.com/public/img/galeria/Diverti-uvas-3.jpg', '', NULL),
(66, 3, 'Refriredondo', 'refriredondo', 'http://admin-web-tupper.com/public/img/galeria/refriredondo-1.jpg', '', '<div>\r\n<div><strong><span style=\"color: #777777;\">BENEFICIOS Y UTILIDADES</span></strong></div>\r\n<ul>\r\n<li><span style=\"color: #777777;\">Los potes bajos ahorran espacio dentro de la heladera, y son perfectos para esas porciones peque&ntilde;as que sobran de las comidas.&nbsp;</span></li>\r\n<li><span style=\"color: #777777;\">&nbsp;Su sello es cl&aacute;sico redondo y es totalmente herm&eacute;tico que facilitan transportar, servir y conservar por m&aacute;s tiempo los alimentos.</span></li>\r\n</ul>\r\n<div><strong><span style=\"color: #777777;\">DISE&Ntilde;O</span></strong></div>\r\n<ul>\r\n<li><span style=\"color: #777777;\">Su material es traslucido y permite ver el contenido y la cantidad del alimento almacenado sin &nbsp;tener que retirar el sello. &nbsp;</span></li>\r\n</ul>\r\n<div><strong><span style=\"color: #777777;\">CAPACIDAD</span></strong></div>\r\n<ul>\r\n<li><span style=\"color: #777777;\">Pote Bajo Para Heladera &nbsp; &nbsp; &nbsp; &nbsp; &nbsp; &nbsp; &nbsp; &nbsp; &nbsp; &nbsp;Cap. 200ml</span></li>\r\n<li><span style=\"color: #777777;\">Pote Bajo Para Heladera Mediano &nbsp; Cap. 410ml&nbsp;</span></li>\r\n<li><span style=\"color: #777777;\">Pote Bajo Para Heladera Grande &nbsp; &nbsp; &nbsp;Cap. 500ml</span></li>\r\n</ul>\r\n</div>', '2022-11-19 14:52:00', NULL, 'S', NULL, 'http://admin-web-tupper.com/public/img/galeria/refriredondo-2.jpg', 'http://admin-web-tupper.com/public/img/galeria/refriredondo-3.jpg', 'http://admin-web-tupper.com/public/img/galeria/refriredondo-4.jpg', NULL);
INSERT INTO `publicacion` (`idpub`, `idcatg`, `titulo`, `tagname`, `portada`, `detalle`, `cuerpo`, `fecpub`, `fecreg`, `visible`, `trial488`, `img1`, `img2`, `img3`, `img4`) VALUES
(67, 3, 'Tupper Fresh Cuadrado', 'tupper-fresh-cuadrado', 'http://admin-web-tupper.com/public/img/galeria/refri-system-1.jpg', '', '<div><strong><span style=\"color: #777777;\">BENEFICIOS Y UTILIDADES</span></strong></div>\r\n<ul>\r\n<li><span style=\"color: #777777;\">Los Tupper Fresh Cuadrado son el resultado de muchos a&ntilde;os de investigaci&oacute;n y de la m&aacute;s alta tecnolog&iacute;a en productos especiales para la heladera.&nbsp;</span></li>\r\n<li><span style=\"color: #777777;\">Su novedoso dise&ntilde;o permite que los alimentos se mantengan frescos por mucho m&aacute;s tiempo, pues esta tecnolog&iacute;a evita que el alimento se seque o pierda su sabor natural.&nbsp;</span></li>\r\n<li><span style=\"color: #777777;\">Adem&aacute;s est&aacute;n dise&ntilde;ados para que puedas almacenar m&aacute;s cosas por mucho m&aacute;s tiempo, se modulan a la perfecci&oacute;n por lo que te permiten ahorrar espacios en tu heladera.&nbsp;</span></li>\r\n<li><span style=\"color: #777777;\">Tiene el sello herm&eacute;tico a prueba de derrames.&nbsp;</span></li>\r\n</ul>\r\n<div><strong><span style=\"color: #777777;\">DISE&Ntilde;O</span></strong></div>\r\n<ul>\r\n<li><span style=\"color: #777777;\">En material transl&uacute;cido que permite identificar f&aacute;cilmente su contenido.&nbsp;</span></li>\r\n<li><span style=\"color: #777777;\">Con rebordes en sus sellos y en la parte inferior de los recipientes que permiten apilarlos con facilidad. En material r&iacute;gido que los hace resistentes e indeformables.&nbsp;</span></li>\r\n</ul>\r\n<div><strong><span style=\"color: #777777;\">CAPACIDAD</span></strong></div>\r\n<ul>\r\n<li><span style=\"color: #777777;\">Tupper Fresh Cuadrado # 1 &nbsp; &nbsp; &nbsp; &nbsp; &nbsp;1Lt.</span></li>\r\n<li><span style=\"color: #777777;\">Tupper Fresh Cuadrado # 2 &nbsp; &nbsp; &nbsp; &nbsp; &nbsp;1.5 Lts.</span></li>\r\n</ul>\r\n<div><span style=\"color: #777777;\">&nbsp;</span><br /><br /></div>', '2022-11-19 15:00:00', NULL, 'S', NULL, 'http://admin-web-tupper.com/public/img/galeria/refri-system-2.jpg', 'http://admin-web-tupper.com/public/img/galeria/refri-system-3.jpg', '', NULL),
(68, 3, 'Basic Line', 'basic-line', 'http://admin-web-tupper.com/public/img/galeria/practi-refri-1.jpg', '', '<div><strong><span style=\"color: #777777;\">BENEFICIOS Y UTILIDADES</span></strong></div>\r\n<ul>\r\n<li><span style=\"color: #777777;\">Perfecto para el almacenamiento y conservaci&oacute;n de los alimentos en la heladera. Consta de base y sello herm&eacute;tico.&nbsp;</span></li>\r\n<li><span style=\"color: #777777;\">En el podemos conservar comidas elaboradas (cocinadas) y verduras duras, zanahorias, br&oacute;coli, coliflor, r&aacute;bano, etc.</span></li>\r\n<li><span style=\"color: #777777;\">Apilables ahorran espacio y organiza tu heladera.</span></li>\r\n</ul>\r\n<div><strong><span style=\"color: #777777;\">DISE&Ntilde;O</span></strong></div>\r\n<ul>\r\n<li><span style=\"color: #777777;\">Tiene la aleta para facilitar la apertura del producto.</span></li>\r\n<li><span style=\"color: #777777;\">Su base es transparente para una f&aacute;cil identificaci&oacute;n del contenido.&nbsp;</span></li>\r\n</ul>\r\n<div>&nbsp;</div>\r\n<div><span style=\"color: #777777;\"><strong>CAPACIDAD </strong>&nbsp;</span></div>\r\n<ul>\r\n<li><span style=\"color: #777777;\">Basic Line # 1 &nbsp; &nbsp; &nbsp; &nbsp;160ml.</span></li>\r\n<li><span style=\"color: #777777;\">Basic Line # 2 &nbsp; &nbsp; &nbsp; &nbsp;500ml</span></li>\r\n<li><span style=\"color: #777777;\">Basic Line # 3 &nbsp; &nbsp; &nbsp; &nbsp;1.2L</span></li>\r\n<li><span style=\"color: #777777;\">Basic Line # 4 &nbsp; &nbsp; &nbsp; &nbsp;2.5L</span></li>\r\n<li><span style=\"color: #777777;\">Basic Line # 5 &nbsp; &nbsp; &nbsp; &nbsp;5L</span></li>\r\n</ul>\r\n<div>&nbsp;<br />&nbsp;</div>', '2022-11-19 15:26:00', NULL, 'S', NULL, 'http://admin-web-tupper.com/public/img/galeria/practi-refri-2.jpg', 'http://admin-web-tupper.com/public/img/galeria/practi-refri-3.jpg', '', NULL),
(69, 3, 'No me olvides', 'no-me-olvides', 'http://admin-web-tupper.com/public/img/galeria/no-me-olvides-1.jpg', '', '<div><strong><span style=\"color: #777777;\">BENEFICIOS Y UTILIDADES</span></strong></div>\r\n<ul>\r\n<li><span style=\"color: #777777;\">Especial para conservar esas peque&ntilde;as porciones de verduras o frutas, queso picado, perejil, zanahoria, cebolla y sobrantes de comidas, los puedes colgar en la puerta de t&uacute; heladera &nbsp;para que no te olvides.</span></li>\r\n</ul>\r\n<div><strong><span style=\"color: #777777;\">DISE&Ntilde;O</span></strong></div>\r\n<ul>\r\n<li><span style=\"color: #777777;\">Recipiente tama&ntilde;o compacto en forma cuadrado o redondo.</span></li>\r\n<li><span style=\"color: #777777;\">Creado en una sola pieza con sistema bisagra, no corre riesgo de abrirse.</span></li>\r\n<li><span style=\"color: #777777;\">Material r&iacute;gido de alta densidad haciendo que este sea resistente a ralladuras.</span></li>\r\n</ul>\r\n<div><strong><span style=\"color: #777777;\">CAPACIDAD &nbsp;</span></strong></div>\r\n<ul>\r\n<li><span style=\"color: #777777;\">No me olvides Redondo 125ml</span></li>\r\n<li><span style=\"color: #777777;\">No me olvides Cuadrado &nbsp;500ml</span></li>\r\n</ul>\r\n<div>&nbsp;<br /><br /></div>', '2022-11-19 15:37:00', NULL, 'S', NULL, 'http://admin-web-tupper.com/public/img/galeria/no-me-olvides-2.jpg', 'http://admin-web-tupper.com/public/img/galeria/no-me-olvides-3.jpg', 'http://admin-web-tupper.com/public/img/galeria/no-me-olvides-4.jpg', NULL),
(70, 3, 'Mini Box', 'mini-box', 'http://admin-web-tupper.com/public/img/galeria/mini-box-1.jpg', '', '<div><span style=\"color: #777777;\"><strong>BENEFICIOS Y UTILIDADES</strong></span></div>\r\n<ul>\r\n<li><span style=\"color: #777777;\">Cons&eacute;rvalos frescos.</span></li>\r\n<li><span style=\"color: #777777;\">Ideales para conservar mortadelas, tocino, carne, queso etc.&nbsp;</span></li>\r\n<li><span style=\"color: #777777;\">Consta de &nbsp;base y sello herm&eacute;tico.</span></li>\r\n<li><span style=\"color: #777777;\">Su dise&ntilde;o permite apilarlos para darle mayor espacio a t&uacute; heladera.</span></li>\r\n</ul>\r\n<div><strong><span style=\"color: #777777;\">DISE&Ntilde;O</span></strong></div>\r\n<ul>\r\n<li><span style=\"color: #777777;\">Material transl&uacute;cido que permite identificar los contenidos.</span></li>\r\n<li><span style=\"color: #777777;\">Fondo interno resistente a los ara&ntilde;azos.</span></li>\r\n</ul>\r\n<div><strong><span style=\"color: #777777;\">CAPACIDAD</span></strong></div>\r\n<ul>\r\n<li><span style=\"color: #777777;\">Cap.850ml</span></li>\r\n</ul>\r\n<div>&nbsp;</div>', '2022-11-19 16:05:00', NULL, 'S', NULL, 'http://admin-web-tupper.com/public/img/galeria/mini-box-2.jpg', 'http://admin-web-tupper.com/public/img/galeria/mini-box-3.jpg', '', NULL),
(71, 3, 'Maravilla Bowl', 'maravilla-bowl', 'http://admin-web-tupper.com/public/img/galeria/maravilla-1.jpg', '', '<div><span style=\"color: #777777;\"><strong>BENEFICIOS Y UTILIDADES&nbsp;</strong></span></div>\r\n<ul>\r\n<li><span style=\"color: #777777;\">Los Bowl Maravilla sirven para un doble prop&oacute;sito: Batir y Guardar. El sello cl&aacute;sico redondo ayuda a conservar la frescura y el sabor. Puedes batir mayonesa, crema, huevos, etc.&nbsp;</span></li>\r\n<li><span style=\"color: #777777;\">Las porciones que no se usen se pueden guardar, selladas herm&eacute;ticamente, en los mismos recipientes dentro de la heladera para su futuro uso.&nbsp;</span></li>\r\n<li><span style=\"color: #777777;\">Son recipientes ideales para empanar y enharinar porciones de pollo, carne, etc. Para ello colocarlas conjuntamente con pan rallado o harina en bowl, sellarlo y agitarlo. Los alimentos quedaran bien preparados y las manos limpias.</span></li>\r\n</ul>\r\n<div><span style=\"color: #777777;\"><strong>DISE&Ntilde;O</strong></span></div>\r\n<ul>\r\n<li><span style=\"color: #777777;\">El dise&ntilde;o de sus bordes hace m&aacute;s f&aacute;cil su manejo evitando que se resbalen de las manos.</span></li>\r\n<li><span style=\"color: #777777;\">Son recipientes hechos de materiales de alta densidad, transl&uacute;cidos, resistentes y sin embargo livianos. El peso ser&aacute; apenas un poco mayor que el de los ingredientes.</span></li>\r\n</ul>\r\n<div><span style=\"color: #777777;\"><strong>CAPACIDAD</strong></span></div>\r\n<ul>\r\n<li><span style=\"color: #777777;\">Maravilla Bowl Chico &nbsp; &nbsp; &nbsp;700ml</span></li>\r\n<li><span style=\"color: #777777;\">Maravilla Bowl Mediano &nbsp; &nbsp; &nbsp; 1.5 L</span></li>\r\n<li><span style=\"color: #777777;\">Maravilla Bowl Grande &nbsp; &nbsp; &nbsp; &nbsp; 2.6 L</span></li>\r\n</ul>', '2022-11-19 16:17:00', NULL, 'S', NULL, 'http://admin-web-tupper.com/public/img/galeria/maravilla-2.jpg', 'http://admin-web-tupper.com/public/img/galeria/maravilla-3.jpg', 'http://admin-web-tupper.com/public/img/galeria/maravilla-4.jpg', NULL),
(72, 3, 'Frigo Smart', 'frigo-smart', 'http://admin-web-tupper.com/public/img/galeria/frigo-smart-1.jpg', '', '<div><span style=\"color: #777777;\"><strong>BENEFICIOS Y UTILIDADES</strong></span></div>\r\n<ul>\r\n<li><span style=\"color: #777777;\">Tecnolog&iacute;a &uacute;nica que regula la cantidad de aire.</span></li>\r\n<li><span style=\"color: #777777;\">Nuevo dise&ntilde;o de contenedores ofrecen una mejor circulaci&oacute;n del aire y protecci&oacute;n contra la humedad avanzada. El diagrama de almacenamiento se traslad&oacute; para facilitar la visualizaci&oacute;n, mientras que un sistema de ventilaci&oacute;n mejorado permite una f&aacute;cil apertura.&nbsp;</span></li>\r\n<li><span style=\"color: #777777;\">Tiene pesta&ntilde;a abre f&aacute;cil en el sello</span></li>\r\n<li><span style=\"color: #777777;\">Rejilla antihumedad integrada</span></li>\r\n<li><span style=\"color: #777777;\">Ahorra espacio, guardando uno dentro del otro.</span></li>\r\n</ul>\r\n<div><span style=\"color: #777777;\"><strong>DISE&Ntilde;O</strong></span></div>\r\n<ul>\r\n<li><span style=\"color: #777777;\">Orificio de ventilaci&oacute;n ajustables para permitir que el contenido de respirar y reducir el deterioro.</span></li>\r\n<li><span style=\"color: #777777;\">Tiene una imagen impresa para guiar la posici&oacute;n de la ventilaci&oacute;n.</span></li>\r\n<li><span style=\"color: #777777;\">Dise&ntilde;o de la red para permitir que la humedad fluya lejos y no empape el contenido.</span></li>\r\n</ul>\r\n<div><span style=\"color: #777777;\"><strong>CAPACIDAD</strong>&nbsp;</span></div>\r\n<ul>\r\n<li><span style=\"color: #777777;\">FRIGO SMART RECTANGULAR Cap. 1.8 Lts.</span></li>\r\n<li><span style=\"color: #777777;\">FRIGO SMART RECTANGULAR Cap. 4.4 Lts.</span></li>\r\n</ul>', '2022-11-19 16:25:00', NULL, 'S', NULL, 'http://admin-web-tupper.com/public/img/galeria/frigo-smart-2.jpg', 'http://admin-web-tupper.com/public/img/galeria/frigo-smart-3.jpg', '', NULL),
(73, 3, 'Freska', 'freska', 'http://admin-web-tupper.com/public/img/galeria/Freska-1.jpg', '', '<div><span style=\"color: #777777;\"><strong>BENEFICIOS Y UTILIDADES</strong> &nbsp;&nbsp;</span></div>\r\n<ul>\r\n<li><span style=\"color: #777777;\">Ideal para mantener siempre frescos los alimentos crudos con un alto porcentaje de agua, como las verduras y pedazos de carne.</span></li>\r\n<li><span style=\"color: #777777;\">Permite la conservaci&oacute;n de alimentos en grandes cantidades. Ideal para la organizaci&oacute;n de su heladera. &nbsp;</span></li>\r\n<li><span style=\"color: #777777;\">Su rejilla de protecci&oacute;n facilita que el exceso de agua caiga en la ceja, as&iacute; evita el contacto con las verduras para que se mantengan frescas y sanos por m&aacute;s tiempo.&nbsp;</span></li>\r\n</ul>\r\n<div><span style=\"color: #777777;\"><strong>DISE&Ntilde;O&nbsp;</strong></span></div>\r\n<ul>\r\n<li><span style=\"color: #777777;\">El material flexible proporciona una versatilidad de usos: se puede utilizar en la heladera o el congelador (sin rejilla), para congelar piezas enteras de carne.</span></li>\r\n<li><span style=\"color: #777777;\">Consta de: 2 rejillas, base y sello semi-herm&eacute;tico</span></li>\r\n</ul>\r\n<div><span style=\"color: #777777;\"><strong>CAPACIDAD </strong>&nbsp; &nbsp; &nbsp; &nbsp; &nbsp;</span></div>\r\n<ul>\r\n<li><span style=\"color: #777777;\"> 10Lts.&nbsp;</span></li>\r\n</ul>\r\n<div><span style=\"color: #777777;\"><strong>MEDIDAS:</strong> </span></div>\r\n<ul>\r\n<li><span style=\"color: #777777;\">32 x 32 x 13 cm</span></li>\r\n</ul>\r\n<div><span style=\"color: #777777;\">&nbsp;</span><br />&nbsp;</div>', '2022-11-19 16:36:00', NULL, 'S', NULL, 'http://admin-web-tupper.com/public/img/galeria/Freska-2.jpg', 'http://admin-web-tupper.com/public/img/galeria/Freska-3.jpg', '', NULL);

-- --------------------------------------------------------

--
-- Estructura de tabla para la tabla `publicacion2`
--

DROP TABLE IF EXISTS `publicacion2`;
CREATE TABLE IF NOT EXISTS `publicacion2` (
  `idpub` int(11) NOT NULL AUTO_INCREMENT COMMENT 'TRIAL',
  `idcatg` int(11) NOT NULL COMMENT 'TRIAL',
  `titulo` varchar(280) NOT NULL COMMENT 'TRIAL',
  `tagname` varchar(330) NOT NULL COMMENT 'TRIAL',
  `portada` varchar(350) DEFAULT NULL COMMENT 'TRIAL',
  `detalle` varchar(250) DEFAULT NULL COMMENT 'TRIAL',
  `cuerpo` longtext COMMENT 'TRIAL',
  `fecpub` datetime NOT NULL COMMENT 'TRIAL',
  `fecreg` datetime DEFAULT NULL COMMENT 'TRIAL',
  `visible` char(1) DEFAULT 'N' COMMENT 'TRIAL',
  `trial488` char(1) DEFAULT NULL COMMENT 'TRIAL',
  `img1` varchar(250) DEFAULT NULL,
  `img2` varchar(250) DEFAULT NULL,
  `img3` varchar(250) DEFAULT NULL,
  `img4` varchar(250) DEFAULT NULL,
  PRIMARY KEY (`idpub`)
) ENGINE=MyISAM AUTO_INCREMENT=12 DEFAULT CHARSET=utf8mb4 COMMENT='TRIAL';

--
-- Volcado de datos para la tabla `publicacion2`
--

INSERT INTO `publicacion2` (`idpub`, `idcatg`, `titulo`, `tagname`, `portada`, `detalle`, `cuerpo`, `fecpub`, `fecreg`, `visible`, `trial488`, `img1`, `img2`, `img3`, `img4`) VALUES
(7, 12, 'Saca Corchos', 'saca-corchos', 'http://admin-web-tupper.com/public/img/galeria/sacacorchos.png', '', '<div>\r\n<div><strong><span style=\"color: #777777;\">BENEFICIOS Y UTILIDADES</span></strong></div>\r\n<ul>\r\n<li><span style=\"color: #777777;\">Funciona igualmente bien en corchos naturales o pl&aacute;sticos.</span></li>\r\n<li><span style=\"color: #777777;\">La parte met&aacute;lica o espiral est&aacute; fabricada de una aleaci&oacute;n de metales que se denomina &ldquo;acero al carbono&rdquo; y es conocida por su alta resistencia y durabilidad.</span></li>\r\n<li><span style=\"color: #777777;\">La misma queda oculta dentro de una cobertura pl&aacute;stica evitando riesgos de accidentes con su parte punzante.</span></li>\r\n</ul>\r\n<div><strong><span style=\"color: #777777;\">USO&nbsp;</span></strong></div>\r\n<ul>\r\n<li><span style=\"color: #777777;\">Colocar el Descorchador completo sobre el pico de la botella, luego girar el espiral para que se introduzca en el corcho y el corcho subir&aacute; solo.</span></li>\r\n</ul>\r\n<div><strong><span style=\"color: #777777;\">DISE&Ntilde;O</span></strong></div>\r\n<ul>\r\n<li><span style=\"color: #777777;\">Dise&ntilde;o ergon&oacute;mico de sencilla manipulaci&oacute;n en todo tipo de botellas.</span></li>\r\n</ul>\r\n<div><strong><span style=\"color: #777777;\">MEDIDA</span></strong></div>\r\n<ul>\r\n<li><span style=\"color: #777777;\">15 CM</span></li>\r\n</ul>\r\n<div>&nbsp;</div>\r\n</div>', '2022-11-17 20:39:00', NULL, 'S', NULL, 'http://admin-web-tupper.com/public/img/galeria/sacacorchos-2.png', 'http://admin-web-tupper.com/public/img/galeria/sacacorchos-3.png', '', NULL),
(8, 11, 'Jarra térmica', 'jarra-termica', 'http://admin-web-tupper.com/public/img/galeria/jarra-termica.png', '', '<div>\r\n<div><strong><span style=\"color: #777777;\">BENECIFICIOS Y UTILIDADES</span></strong></div>\r\n<ul>\r\n<li><span style=\"color: #777777;\">Apertura autom&aacute;tica gracias a su innovador sistema de pesos en la tapa.</span></li>\r\n<li><span style=\"color: #777777;\">Se recomienda precalentar la Jarra con agua caliente (no hirviendo) antes de llenarlo con l&iacute;quidos calientes o enfriarlo con agua fr&iacute;a para l&iacute;quidos fr&iacute;os. De esta forma se evitar&aacute; el riesgo de rotura del componente de cristal.</span></li>\r\n</ul>\r\n<div><strong><span style=\"color: #777777;\">DISE&Ntilde;O</span></strong></div>\r\n<ul>\r\n<li><span style=\"color: #777777;\">Tapa con 3 posiciones que indican diferentes acciones: abrir, servir y cerrar herm&eacute;ticamente.</span></li>\r\n<li><span style=\"color: #777777;\">Apertura autom&aacute;tica gracias a su innovador sistema de pesos en la tapa.</span></li>\r\n</ul>\r\n<div><strong><span style=\"color: #777777;\">CAPACIDAD</span></strong></div>\r\n<ul>\r\n<li><span style=\"color: #777777;\">1 lt</span></li>\r\n</ul>\r\n<div>&nbsp;</div>\r\n</div>', '2022-11-17 23:18:00', NULL, 'S', NULL, 'http://admin-web-tupper.com/public/img/galeria/jarra-termica-2.png', '', '', NULL),
(9, 8, 'Mini Chef', 'mini-chef', 'http://admin-web-tupper.com/public/img/galeria/Mini-chef.png', '', '<div>\r\n<div><span style=\"color: #777777;\"><strong>BENEFICIOS Y UTILIDADES</strong></span></div>\r\n<ul>\r\n<li><span style=\"color: #777777;\">Pica y prepara todo lo que te imagines y m&aacute;s.&nbsp;</span></li>\r\n<li><span style=\"color: #777777;\">Ideal para picar hierbas, frutos secos, verduras, frutas y porciones individuales.</span></li>\r\n<li><span style=\"color: #777777;\">Un producto s&uacute;per &uacute;til y pr&aacute;ctico que adem&aacute;s ayuda a cuidar el medio ambiente ya que no requiere electricidad para funcionar.</span></li>\r\n<li><span style=\"color: #777777;\">Innovador Sistema Manual cuenta con un innovador sistema de engranajes que multiplica la velocidad de rotaci&oacute;n de las cuchillas. Con solo tirar de la manija producir&aacute; un equivalente a 288 cortes de cuchillo en menos de 15 segundos.</span></li>\r\n<li><span style=\"color: #777777;\">Su mecanismo de cuerda soporta 50.000 tirones.</span></li>\r\n<li><span style=\"color: #777777;\">Tama&ntilde;o ideal para tener siempre a mano, f&aacute;cil de lavar y guardar ya que ocupa poco espacio.&nbsp;</span></li>\r\n<li><span style=\"color: #777777;\">Apto para diestros y zurdos.</span></li>\r\n<li><span style=\"color: #777777;\">Lavar cada componente por separado utilizando agua tibia y detergente.</span></li>\r\n<li><span style=\"color: #777777;\">Recuerda no mojar la cuerda para garantizar su tiempo de vida.</span></li>\r\n</ul>\r\n<div><span style=\"color: #777777;\"><strong>DISE&Ntilde;O</strong></span></div>\r\n<ul>\r\n<li><span style=\"color: #777777;\">Triple cuchilla</span></li>\r\n<li><span style=\"color: #777777;\">Sello herm&eacute;tico</span></li>\r\n<li><span style=\"color: #777777;\">Tapa con mecanismo de cuerda&nbsp;</span></li>\r\n<li><span style=\"color: #777777;\">Base antiderrame.</span></li>\r\n</ul>\r\n<div><span style=\"color: #777777;\"><strong>CAPACIDAD</strong></span></div>\r\n<ul>\r\n<li><span style=\"color: #777777;\">300 ML</span></li>\r\n</ul>\r\n<div>&nbsp;</div>\r\n</div>', '2022-11-17 23:28:00', NULL, 'S', NULL, '', '', '', NULL),
(10, 14, 'Modular cuadrado y rectangular', 'modular-cuadrado-y-rectangular', '', '', '<div><strong>BENEFICIOS Y UTILIDADES</strong></div>\r\n<div>Recipientes modulares con sellos cuadrados y rectangulares que modulan para ahorrar espacio en la alacena.&nbsp;</div>\r\n<ul>\r\n<li>Forma cuadrada y tama&ntilde;os variados que permiten crear un sistema permanente de almacenamiento de alimentos en cantidad o de gran volumen.</li>\r\n<li>Su tama&ntilde;o y gran capacidad los convierten en los mejores recipientes para guardar pasta, bolsitas de t&eacute;, galletas, pan, diferentes art&iacute;culos del hogar son multifuncionales puedes utilizarlos de acuerdo a tus necesidades.</li>\r\n<li>Ideales para darle fin a las bolsas, cajas abiertas y alimentos da&ntilde;ados debido a la humedad.</li>\r\n</ul>\r\n<div><strong>DISE&Ntilde;O</strong></div>\r\n<ul>\r\n<li>Su sello de esquinas redondeadas protege el alimento del medio ambiente, se coloca y se retira con facilidad y conserva los alimentos en buen estado por m&aacute;s tiempo.<strong><br /></strong></li>\r\n<li>Dise&ntilde;o en forma cuadrada y rectangular que ayuda a optimizar espacios.</li>\r\n<li>Tama&ntilde;os variados que permiten crear un sistema permanente de almacenamiento de alimentos en cantidad o de gran volumen.&nbsp;</li>\r\n<li>Hechos de material transl&uacute;cido con ventanas pulidas en el recipiente, que permiten ver el contenido sin retirar el sello.</li>\r\n</ul>\r\n<div>\r\n<div><strong>CAPACIDADES</strong></div>\r\n<ul>\r\n<li>Modular Cuadrado # 2 &nbsp; &nbsp; &nbsp; 2.6 Lts.</li>\r\n<li>Modular Cuadrado # 3 &nbsp; &nbsp; &nbsp; 4 Lts.</li>\r\n<li>Modular Cuadrado # 4 &nbsp; &nbsp; &nbsp; 5.5 Lts.</li>\r\n<li>Modular Rectangular # 1 &nbsp; &nbsp; &nbsp;2 Lts.</li>\r\n<li>Modular Rectangular # 2 &nbsp; &nbsp; &nbsp;4.3 Lts.</li>\r\n<li>Modular Rectangular # 4 &nbsp; &nbsp; &nbsp;9.4 Lts.</li>\r\n</ul>\r\n</div>\r\n<div id=\"simple-translate\">\r\n<div>\r\n<div class=\"simple-translate-button isShow\" style=\"background-image: url(\'chrome-extension://mhncgbfifjnhlilpnccgbimimkjejada/icons/512.png\'); height: 22px; width: 22px; top: 688px; left: 66px;\">&nbsp;</div>\r\n<div class=\"simple-translate-panel \" style=\"width: 300px; height: 200px; top: 0px; left: 0px; font-size: 13px; background-color: #ffffff;\">\r\n<div class=\"simple-translate-result-wrapper\" style=\"overflow: hidden;\">\r\n<div class=\"simple-translate-move\" draggable=\"true\">&nbsp;</div>\r\n<div class=\"simple-translate-result-contents\">\r\n<p class=\"simple-translate-result\" style=\"color: #000000;\">&nbsp;</p>\r\n<p class=\"simple-translate-candidate\" style=\"color: #737373;\">&nbsp;</p>\r\n</div>\r\n</div>\r\n</div>\r\n</div>\r\n</div>', '2022-11-22 16:28:00', NULL, 'N', NULL, '', '', '', NULL);

-- --------------------------------------------------------

--
-- Estructura de tabla para la tabla `publicacion3`
--

DROP TABLE IF EXISTS `publicacion3`;
CREATE TABLE IF NOT EXISTS `publicacion3` (
  `idpub` int(11) NOT NULL AUTO_INCREMENT COMMENT 'TRIAL',
  `idcatg` int(11) NOT NULL COMMENT 'TRIAL',
  `titulo` varchar(280) NOT NULL COMMENT 'TRIAL',
  `tagname` varchar(330) NOT NULL COMMENT 'TRIAL',
  `portada` varchar(350) DEFAULT NULL COMMENT 'TRIAL',
  `detalle` varchar(250) DEFAULT NULL COMMENT 'TRIAL',
  `cuerpo` longtext COMMENT 'TRIAL',
  `fecpub` datetime NOT NULL COMMENT 'TRIAL',
  `fecreg` datetime DEFAULT NULL COMMENT 'TRIAL',
  `visible` char(1) DEFAULT 'N' COMMENT 'TRIAL',
  `trial488` char(1) DEFAULT NULL COMMENT 'TRIAL',
  `img1` varchar(250) DEFAULT NULL,
  `img2` varchar(250) DEFAULT NULL,
  `img3` varchar(250) DEFAULT NULL,
  `img4` varchar(250) DEFAULT NULL,
  `subtitulo` varchar(100) DEFAULT NULL,
  PRIMARY KEY (`idpub`)
) ENGINE=MyISAM AUTO_INCREMENT=19 DEFAULT CHARSET=utf8mb4 COMMENT='TRIAL';

--
-- Volcado de datos para la tabla `publicacion3`
--

INSERT INTO `publicacion3` (`idpub`, `idcatg`, `titulo`, `tagname`, `portada`, `detalle`, `cuerpo`, `fecpub`, `fecreg`, `visible`, `trial488`, `img1`, `img2`, `img3`, `img4`, `subtitulo`) VALUES
(10, 14, 'Modular cuadrado y rectangular', 'modular-cuadrado-y-rectangular', 'http://admin-web-tupper.com/public/img/galeria/modulares-1.jpg	', '', '<div><strong>BENEFICIOS Y UTILIDADES</strong></div>\r\n<ul>\r\n<li>Recipientes modulares con sellos cuadrados y rectangulares que modulan para ahorrar espacio en la alacena.&nbsp;</li>\r\n<li>Forma cuadrada y tama&ntilde;os variados que permiten crear un sistema permanente de almacenamiento de alimentos en cantidad o de gran volumen.</li>\r\n<li>Su tama&ntilde;o y gran capacidad los convierten en los mejores recipientes para guardar pasta, bolsitas de t&eacute;, galletas, pan, diferentes art&iacute;culos del hogar son multifuncionales puedes utilizarlos de acuerdo a tus necesidades.</li>\r\n<li>Ideales para darle fin a las bolsas, cajas abiertas y alimentos da&ntilde;ados debido a la humedad.</li>\r\n</ul>\r\n<div><strong>DISE&Ntilde;O</strong></div>\r\n<ul>\r\n<li>Su sello de esquinas redondeadas protege el alimento del medio ambiente, se coloca y se retira con facilidad y conserva los alimentos en buen estado por m&aacute;s tiempo.</li>\r\n<li>Dise&ntilde;o en forma cuadrada y rectangular que ayuda a optimizar espacios.</li>\r\n<li>Tama&ntilde;os variados que permiten crear un sistema permanente de almacenamiento de alimentos en cantidad o de gran volumen.&nbsp;</li>\r\n<li>Hechos de material transl&uacute;cido con ventanas pulidas en el recipiente, que permiten ver el<br />contenido sin retirar el sello.</li>\r\n</ul>\r\n<div>CAPACIDADES</div>\r\n<ul>\r\n<li>Modular Cuadrado # 2 &nbsp; &nbsp; &nbsp; 2.6 Lts.</li>\r\n<li>Modular Cuadrado # 3 &nbsp; &nbsp; &nbsp; 4 Lts.</li>\r\n<li>Modular Cuadrado # 4 &nbsp; &nbsp; &nbsp; 5.5 Lts.</li>\r\n<li>Modular Rectangular # 1 &nbsp; &nbsp; &nbsp;2 Lts.</li>\r\n<li>Modular Rectangular # 2 &nbsp; &nbsp; &nbsp;4.3 Lts.</li>\r\n<li>Modular Rectangular # 4 &nbsp; &nbsp; &nbsp;9.4 Lts.</li>\r\n</ul>', '2022-11-22 16:38:00', NULL, 'S', NULL, 'http://admin-web-tupper.com/public/img/galeria/modulares-2.jpg', '3.jpg', '', NULL, NULL),
(11, 14, 'Picadilly', 'picadilly', 'http://admin-web-tupper.com/public/img/galeria/Picadilly-2.png', '', '<div>\r\n<div><strong><span style=\"color: #777777;\">BENEFICIOS Y UTILIDADES</span></strong><br /><span style=\"color: #777777;\">Ideales para guardar en la heladera y llevar a la mesa cualquier tipo de escabeches, envinagrado, cortadas, aj&iacute;, conservas o alm&iacute;bares y aceitunas.</span><br /><span style=\"color: #777777;\">El inserto colador removible permite separar el alimento s&oacute;lido del l&iacute;quido para tomarlo con facilidad. Eso evita que introduzcamos un elemento en el aceite o vinagre conservando por mayor tiempo los alimentos.</span></div>\r\n<div><strong><span style=\"color: #777777;\">DISE&Ntilde;O</span></strong><br /><span style=\"color: #777777;\">Su material de alta densidad trasl&uacute;cido con ventanas laterales permite ver el contenido y la cantidad de alimento almacenado.</span><br /><span style=\"color: #777777;\">Tiene el tama&ntilde;o perfecto para cada necesidad.</span></div>\r\n<div><strong><span style=\"color: #777777;\">CAPACIDADES</span></strong></div>\r\n<div><span style=\"color: #777777;\">Mini Picadilly &nbsp; &nbsp; &nbsp; &nbsp; &nbsp;500ML</span><br /><span style=\"color: #777777;\">Picadilly Chico &nbsp; &nbsp; &nbsp; &nbsp;1 L</span><br /><span style=\"color: #777777;\">S&uacute;per Picadilly &nbsp; &nbsp; &nbsp; &nbsp;2 LTS</span></div>\r\n</div>\r\n<div>&nbsp;</div>', '2022-11-22 16:39:00', NULL, 'S', NULL, 'http://admin-web-tupper.com/public/img/galeria/Picadilly_2.png', 'http://admin-web-tupper.com/public/img/galeria/picadilly-3.jpg', 'http://admin-web-tupper.com/public/img/galeria/picadilly-1.jpg', NULL, NULL),
(12, 14, 'Tazones Murano', 'tazones-murano', 'http://admin-web-tupper.com/public/img/galeria/tazones-murano.png', '', '<div>\r\n<div><span style=\"color: #777777;\"><strong>BENEFICIOS Y UTILIDADES</strong></span></div>\r\n<ul>\r\n<li><span style=\"color: #777777;\">Son trasl&uacute;cidos, se puede ver la cantidad de alimento en su interior sin retirar el sello. Su interior es pulido, te permite batir y mezclar alimentos.</span></li>\r\n<li><span style=\"color: #777777;\">Los bordes en el sello y el fondo del taz&oacute;n te permitir&aacute;n apilar los tazones f&aacute;cilmente.</span></li>\r\n<li><span style=\"color: #777777;\">El sello tambi&eacute;n te puede servir como base para servir y presentar los platillos en la mesa.</span></li>\r\n<li><span style=\"color: #777777;\">Elaborados en material r&iacute;gido transl&uacute;cido.</span></li>\r\n</ul>\r\n<div><span style=\"color: #777777;\"><strong>DISE&Ntilde;O</strong></span></div>\r\n<ul>\r\n<li><span style=\"color: #777777;\">Por su dise&ntilde;o te permite refrigerar alimentos y llevarlos directamente a la mesa como: pastas. ensaladas, frutas, postres. etc.</span></li>\r\n<li><span style=\"color: #777777;\">El taz&oacute;n tiene dise&ntilde;o angulado en su borde que facilita verter l&iacute;quidos del taz&oacute;n.</span></li>\r\n<li><span style=\"color: #777777;\">Cuentan con sello herm&eacute;tico que mantiene los alimentos frescos por m&aacute;s tiempo </span></li>\r\n</ul>\r\n<div><span style=\"color: #777777;\"><strong>CAPACIDAD</strong></span></div>\r\n<div><span style=\"color: #777777;\">Taz&oacute;n Muranito &nbsp; &nbsp; &nbsp; &nbsp; &nbsp; &nbsp; &nbsp; &nbsp; &nbsp; &nbsp; &nbsp; &nbsp; &nbsp; 500ML</span></div>\r\n<div><span style=\"color: #777777;\">Taz&oacute;n Murano Chico &nbsp; &nbsp; &nbsp; &nbsp; &nbsp; &nbsp; &nbsp; &nbsp; &nbsp; 1.3 LTS</span></div>\r\n<div><span style=\"color: #777777;\">Taz&oacute;n Murano Mediano &nbsp; &nbsp; &nbsp; &nbsp; &nbsp; &nbsp; 2.5 LTS</span></div>\r\n<div><span style=\"color: #777777;\">Taz&oacute;n Murano Grande &nbsp; &nbsp; &nbsp; &nbsp; &nbsp; &nbsp; &nbsp; &nbsp;4.3 LTS</span></div>\r\n<div><span style=\"color: #777777;\">Mega Taz&oacute;n Murano &nbsp; &nbsp; &nbsp; &nbsp; &nbsp; &nbsp; &nbsp; &nbsp; &nbsp; 7.5 LTS</span></div>\r\n<div>&nbsp;</div>\r\n</div>', '2022-11-22 16:41:00', NULL, 'S', NULL, 'http://admin-web-tupper.com/public/img/galeria/Tazones-murano-2.png', 'http://admin-web-tupper.com/public/img/galeria/Tazones-murano-3.png', 'http://admin-web-tupper.com/public/img/galeria/Tazones-murano-4.png', NULL, NULL),
(13, 14, 'Frigo Smart', 'frigo-smart', 'http://admin-web-tupper.com/public/img/galeria/frigo-smart-1.jpg', NULL, '<div><span style=\"color: #777777;\"><strong>BENEFICIOS Y UTILIDADES</strong></span></div>\r\n<ul>\r\n<li><span style=\"color: #777777;\">Tecnolog&iacute;a &uacute;nica que regula la cantidad de aire.</span></li>\r\n<li><span style=\"color: #777777;\">Nuevo dise&ntilde;o de contenedores ofrecen una mejor circulaci&oacute;n del aire y protecci&oacute;n contra la humedad avanzada. El diagrama de almacenamiento se traslad&oacute; para facilitar la visualizaci&oacute;n, mientras que un sistema de ventilaci&oacute;n mejorado permite una f&aacute;cil apertura.&nbsp;</span></li>\r\n<li><span style=\"color: #777777;\">Tiene pesta&ntilde;a abre f&aacute;cil en el sello</span></li>\r\n<li><span style=\"color: #777777;\">Rejilla antihumedad integrada</span></li>\r\n<li><span style=\"color: #777777;\">Ahorra espacio, guardando uno dentro del otro.</span></li>\r\n</ul>\r\n<div><span style=\"color: #777777;\"><strong>DISE&Ntilde;O</strong></span></div>\r\n<ul>\r\n<li><span style=\"color: #777777;\">Orificio de ventilaci&oacute;n ajustables para permitir que el contenido de respirar y reducir el deterioro.</span></li>\r\n<li><span style=\"color: #777777;\">Tiene una imagen impresa para guiar la posici&oacute;n de la ventilaci&oacute;n.</span></li>\r\n<li><span style=\"color: #777777;\">Dise&ntilde;o de la red para permitir que la humedad fluya lejos y no empape el contenido.</span></li>\r\n</ul>\r\n<div><span style=\"color: #777777;\"><strong>CAPACIDAD</strong>&nbsp;</span></div>\r\n<ul>\r\n<li><span style=\"color: #777777;\">FRIGO SMART RECTANGULAR Cap. 1.8 Lts.</span></li>\r\n<li><span style=\"color: #777777;\">FRIGO SMART RECTANGULAR Cap. 4.4 Lts.</span></li>\r\n</ul>', '2022-11-22 16:42:00', NULL, 'S', NULL, 'http://admin-web-tupper.com/public/img/galeria/frigo-smart-2.jpg', 'http://admin-web-tupper.com/public/img/galeria/frigo-smart-3.jpg', NULL, NULL, NULL),
(14, 15, 'Kit de bienvenida', 'kit-de-bienvenida', 'http://admin-web-tupper.com/public/img/galeria/blog3.jpg', 'Al iniciar tu negocio con nosotros, te entregamos este KIT DE BIENVENIDA', '', '2022-11-24 09:53:00', NULL, 'S', NULL, '', '', '', NULL, 'Únete a nosotros'),
(15, 15, 'Emprende con nosotros', 'emprende-con-nosotros', 'http://admin-web-tupper.com/public/img/galeria/blog2.jpg', 'Conviértete en emprendedora independiente con nosotros. ¡Genera tus propios ingresos y alcanza tus metas!', '', '2022-11-24 09:55:00', NULL, 'S', NULL, '', '', '', NULL, 'Tú pones los horarios'),
(17, 15, 'Inicia tu negocio', 'inicia-tu-negocio', 'http://admin-web-tupper.com/public/img/galeria/blog1.jpg', 'No necesitas inversión inicial, obten ganancias semanales.Te capacitamos de forma gratuita', '', '2022-11-24 10:21:00', NULL, 'S', NULL, '', '', '', NULL, 'Únete a nosotros');

-- --------------------------------------------------------

--
-- Estructura de tabla para la tabla `usuarios`
--

DROP TABLE IF EXISTS `usuarios`;
CREATE TABLE IF NOT EXISTS `usuarios` (
  `iduser` int(11) NOT NULL AUTO_INCREMENT COMMENT 'TRIAL',
  `nombre` varchar(30) NOT NULL COMMENT 'TRIAL',
  `pass` varchar(250) NOT NULL COMMENT 'TRIAL',
  `fecreg` datetime DEFAULT NULL COMMENT 'TRIAL',
  `trial488` char(1) DEFAULT NULL COMMENT 'TRIAL',
  PRIMARY KEY (`iduser`),
  UNIQUE KEY `idx_nombre` (`nombre`)
) ENGINE=MyISAM AUTO_INCREMENT=102 DEFAULT CHARSET=utf8mb4 COMMENT='TRIAL';

--
-- Volcado de datos para la tabla `usuarios`
--

INSERT INTO `usuarios` (`iduser`, `nombre`, `pass`, `fecreg`, `trial488`) VALUES
(101, 'admin', '$2y$10$DhfhM2fqBho3DZCMb79JIOWFjf8KNDfd8eGLU3g4N2djUjqX.9egi', '2022-05-29 15:11:31', 'T');

-- --------------------------------------------------------

--
-- Estructura de tabla para la tabla `videosy`
--

DROP TABLE IF EXISTS `videosy`;
CREATE TABLE IF NOT EXISTS `videosy` (
  `id` int(100) NOT NULL,
  `enlace1` varchar(250) NOT NULL,
  `enlace2` varchar(250) NOT NULL,
  PRIMARY KEY (`id`)
) ENGINE=MyISAM DEFAULT CHARSET=utf8mb4;

--
-- Volcado de datos para la tabla `videosy`
--

INSERT INTO `videosy` (`id`, `enlace1`, `enlace2`) VALUES
(1, 'https://www.youtube.com/embed/Sbb5U8kYMIs', 'https://www.youtube.com/embed/bYsprATsHoU');
COMMIT;

/*!40101 SET CHARACTER_SET_CLIENT=@OLD_CHARACTER_SET_CLIENT */;
/*!40101 SET CHARACTER_SET_RESULTS=@OLD_CHARACTER_SET_RESULTS */;
/*!40101 SET COLLATION_CONNECTION=@OLD_COLLATION_CONNECTION */;
